Name 1,Base Zoid 2,Type 3,Size 4,Level Required 5,Health 6,Armor 7,Defense 8,Speed 9,Reaction 10,Range 11,Carry Capacity 12,Weapon 1 13,Effect 2 14,Damage 1 15,Type 1 16,To Hit 1  17,Active/Passive3 18,Weapon 2 19,Effect 3 20,Damage 2  21,Type 2 22,To Hit 2  23,Shield Health 24,Speed Increase 25,to Hit increase 26,Reaction increase 2 27,Range increase 28,Active/Passive 29,Weapon 3 30,Effect 4 31,Damage 3 32,Type 3 33,To Hit 3 34,Shield Health 2 35,Speed increase 2 36,To Hit increase 2 37,Reaction Increase 38,Increase Range 39,Active/Passive 2 40,Weapon 4 41,Effect 5 42,Damage 4 43,Type 4 44,To Hit 4 45,Re-Equip Slot Type 1 46,Removable Equipment 47,Effect 6 48,Damage 5 49,Damage Type 50,To Hit 5 51,Weight 52,Re-Equip Slot Type 2 53,Removable Equipment 2 54,Damage 6 55,Effect 7 56,To Hit 6 57,Type 5 58,Weight 2 59,Re-Equip Slot Type 3 60,Removable Equipment 3 61,Damage 7 62,To Hit 7 63,Weight 3 64,Re-Equip Slot Type 4 65,Removable Equipment 4 66,Damage 8 67,To Hit 8 68,Effect 69,Weight 4. 70,Defense increase for solo shield  71,On/off 72,Zoid Picture Base,Zoid Picture Red,Zoid Green 47,Zoid Blue 48,Zoid White 49,Zoid Black 50,Zoid Purple 51,Zoid Brown 52,First attack gif,Second attack gif,Third attack gif,Fourth attack gif,Column 83
Hellrunner,,Raptor,Small,1,30,20,9,500,8,50,15,Small Guided Missile: ,Back mounted missile launcher. Targets a single opponent. ,25,"Ranged, Explosive",15,,Hovering:,Booster raises the Zoid above the ground to increase speed by 250. Lasts for three turns. ,,,,,250,,,,Active,Go for Broke:,Ramming attack. Targets a single opponent.,20,"Melee, Bludgeon",15,,,,,,,,,,,,Assist,,,,,,,Weapon and Assist,,,,,,,Weapon and Assist,,,,,Assist,,,,,,,,,,,,,,,,,,,,
Molga,,Insect,Small,1,50,28,12,200,12,200,20,Gatling:,Head mounted gatling gun. Shoots in a 15m by 45m wide line. Targets in the area of effect must make a reaction roll against the attack roll. Successful saves take no damage.,20,"Ranged, Piercing",16,,Go for Broke:,Ramming attack. Targets a single opponent. ,25,"Melee, Bludgeon",13,,,,,,,,,,,,,,,,,,,,,,,Weapon and Assist,,,,,,,Assist,,,,,,,Assist,,,,,Assist,,,,,,,,,,,,,,,,,,,,
Gator,,Reptile,Small,1,40,22,8,200,10,1200,18,Small Beam Cannon:,Back mounted energy cannon. Targets a single opponent.,23,"Ranged, Energy",18,,GPS Magnetic Detector:,Gain +500 range to your and your ally's Zoids. Lasts three turns,,,,,,,,500,Active,Go 4 Broke:,Ramming attack. Targets a single opponent.,20,"Melee, Bludgeon",13,,,,,,,,,,,,Assist,,,,,,,Weapon and Assist,,,,,,,Weapon and Assist,,,,,Assist,,,,,,,,,,,,,,,,,,,,
Godos,,"Dinosaur, Land",Small,2,80,22,8,150,16,100,20,Small Beam Cannon: ,Chest mounted beam cannon. Targets a single opponent. ,38,"Ranged, Energy",17,,Crusher Claw:,Claw attack. Targets a single opponent. ,35,"Melee, Piercing",13,,,,,,,,,,,,,,,,,,,,,,,Assist,,,,,,,Weapon and Assist,,,,,,,Weapon and Assist,,,,,Assist,,,,,,,,,,,,,,,,,,,,
Iguan,Godos,"Dinosaur, Land",Small,2,80,21,9,200,16,50,18,Impact Gun: ,Chest mounted cannon. Targets a single opponent. ,30,"Ranged, Energy",17,,Thruster:,Gain +10 to reaction for three turns. ,,,,,,,10,,Active,Crusher Vice:,Claw attack. Targets a single opponent. ,40,"Melee, Piercing",14,,,,,,,,,,,,Assist,,,,,,,Weapon and Assist,,,,,,,Weapon and Assist,,,,,Assist,,,,,,,,,,,,,,,,,,,,
Molga Cannonry,Molga,Insect,Small,2,50,28,12,180,12,300,15,Gatling:,Head mounted gatling gun. Shoots in a 15m by 45m wide line. Targets in the area of effect must make a reaction roll against the attack roll. Successful saves take no damage.,20,"Ranged, Piercing",16,,Cannon Unit:,Back mounted cannon. Targets a single opponent. ,50,"Ranged, Energy",16,,,,,,,Go for Broke:,Ramming attack. Targets a single opponent. ,30,"Melee, Bludgeon",13,,,,,,,,,,,,Assist,,,,,,,Weapon and Assist,,,,,,,Weapon and Assist,,,,,Assist,,,,,,,,,,,,,,,,,,,,
Saicurtis ,,Insect,Small,2,50,22,8,390,16,600,12,2-Barrel Beam Cannon:,Front arm guns. Targets a single opponent.,40,"Ranged, Energy",17,,Small Beam Cannon:,Forward mounted energy cannon. Shoots in a 15m by 30m deep line. Opponents in the area of effect must make a reaction roll against the attack. Successful saves take no damage. Flying Zoids roll with disadvantage.,30,"Ranged, Anti-Air, Energy",17,,,,,,,Go 4 Broke:,Slashing attack. Targets a single opponent.,30,"Melee, Bludgeon",14,,,,,,,,,,,,Assist,,,,,,,Assist,,,,,,,Assist,,,,,Assist,,,,,,,,,,,,,,,,,,,,
Double Sworder,Saicurtis ,Insect,Small,2,50,22,9,180,20,2000,12,4-Barrel Machine Gun:,Back mounted machine gun. Shoots an area of 15m by 45m wide. Opponents in the area of effect must make a reaction save against your attack roll. Successful saves take no damage.,18,"Ranged, Piercing",16,,2-Barrel Beam Cannon:,Back mounted energy cannon. Targets a single opponent.,40,"Ranged, Energy",17,,,,,,,Break Sword:,Slashing attack. Targets a single opponent.,35,"Melee, Slashing",14,,,,,,,,,,,,Assist,,,,,,,Assist,,,,,,,Assist,,,,,Assist,,,,,,,,,,,,,,,,,,,,
Cannon Tortoise ,,Reptile,Small,2,90,28,13,100,8,300,25,Liquid Cooled Particle Cannon:,Back mounted particle cannon. Targets a single opponent.,35,"Ranged, Particle",16,,Go 4 Broke:,Ramming attack. Targets a single opponent. ,40,"Melee, Bludgeon",13,,,,,,,,,,,,,,,,,,,,,,,Assist,,,,,,,Weapon and Assist,,,,,,,Weapon and Assist,,,,,Assist,,,,,,,,,,,,,,,,,,,,
Barigator,,Reptile,Small,2,70,23,8,180,16,800,20,Missile Pod:,Back mounted missile pods. Targets a single opponent.,40,"Ranged, Explosive",17,,Bite Fang:,Bite attack. Targets a single opponent.,35,"Melee, Piercing",13,,,,,,,,,,,,,,,,,,,,,,,Weapon and Assist,,,,,,,Assist,,,,,,,Assist,,,,,Assist,,,,,,,,,,,,,,,,,,,,
Sea Striker,,Reptile,Small,2,60,22,10,900,3,300,15,Homing Torpedo:,Chest mounted torpedo pods. Targets a single opponent.,40,"Ranged, Homing, Explosive",19,,Go for Broke:,Ramming attack. Targets a single opponent.,40,"Melee, Anti-Air, Bludgeon",14,,,,,,,Accelerated Beam Cannon:,Front mounted energy cannon. Targets a single opponent.,45,"Ranged, Energy",17,,,,,,,,,,,,,,,,,,,,,,,,,,,,,,,,,,,,,,,,,,,,,,,,,,,
Pteras,,"Dinosaur, Flying",Small,2,55,20,10,2000,2,1000,20,Vulcan:,Mouth mounted machine gun. Fires in a horizontal line 15m by 60m long. Opponents in the area of effect must make a reaction save against the attack roll. Successful saves take no damage.,30,"Ranged, Anti-Air, Piercing",18,,2-Shot Missile Pod:,Back mounted missiles. Targets a single opponent.,40,"Ranged, Anti-Air, Homing, Explosive",18,,,,,,,Go 4 Broke:,Claw attack. Targets a single opponent.,30,"Melee, Anti-Air, Slashing",14,,,,,,,,,,,,Assist,,,,,,,Weapon and Assist,,,,,,,Weapon and Assist,,,,,Assist,,,,,,,,,,,,,,,,,,,,
Gun Tiger,,Tiger,Small,3,85,18,8,270,18,500,20,High Wave Frequency Claw:,Claw attack. Targets a single opponent. ,35,"Melee, Slashing",17,,Static Minigun:,Shoulder mounted minigun. Targets a single opponent.,65,"Ranged, Piercing",16,,,,,,,Ion Booster:,Back mounted boosters. 300 speed for three turns,,,,,300,,,,Active,High Wave Frequency Fang:,Bite attack. Targets a single opponent.,40,"Melee, Piercing",14,Assist,,,,,,,Weapon and Assist,,,,,,,Weapon and Assist,,,,,Assist,,,,,,,,,,,,,,,,,,,,
Saberlion,,Lion,Small,3,90,18,8,255,18,500,20,High Frequency Wave Claw:,Claw attack. Targets a single opponent.,35,"Melee, Slashing",17,,High Frequency Wave Blade:,Blade on top of head flips down. Targets a single opponent. ,70,"Melee, Slashing",13,,,,,,,Smoke Unit:,Deploys smoke in a 30m square. While in the smoke attacks have disadvantage against you. Lasts three turns.,,,,,,,,,Active,High Frequency Wave Fang:,Bite attack. Targets a single opponent.,40,"Melee, Piercing",16,Assist,,,,,,,Weapon and Assist,,,,,,,Weapon and Assist,,,,,Assist,,,,,,,,,,,,,,,,,,,,
Black Rhimos,,Mammal,Medium,3,150,27,11,180,10,350,40,Large Electro-Magnetic Cannon:,"Back mounted electric cannon. Targets up to two opponents, the second must be within 50m of the first. Opponents damaged by this attack must make a percentile roll. if the roll is a 49 or lower the Zoid is frozen. At the end of their turn they may roll again to unfreeze.",25,"Ranged, Freeze, Electical",14,,Double Shock Cannon:,Chest mounted cannon. Targets a single opponent.,80,"Ranged, Explosive",14,,,,,,,Hard Drill:,Horn attack. Targets a single opponent. ,73,"Melee, Piercing",12,,,,,,,,,,,,Assist,,,,,,,Weapon and Assist,,,,,,,Weapon and Assist,,,,,Assist,,,,,,,,,,,,,,,,,,,,
Brachios,,"Dinosaur, Land",Medium,3,130,25,10,140,8,300,35,Linear Laser: ,Back mounted energy gun. Targets a single opponent. ,50,"Ranged, Penetrate, Energy",17,,Bite Fang:,Bite attack. Targets a single opponent.,65,"Melee, Piercing",12,,,,,,,,,,,,,,,,,,,,,,,Assist,,,,,,,Weapon and Assist,,,,,,,Weapon and Assist,,,,,Assist,,,,,,,,,,,,,,,,,,,,
Cannon Tortoise BC,Cannon Tortoise,Reptile,Small,3,100,28,13,80,7,1200,15,Liquid Cooled Particle Cannon:,Bottom back mounted particle cannon. Targets a single opponent. If the damage exceeds the remaining health of the target Zoid the energy beam continues on with the remaining damage.,35,"Ranged, Penetrate, Particle",16,,Large Beam Cannon:,Top back mounted energy cannon. Targets a single opponent. ,45,"Ranged, Energy",17,,,,,,,Go 4 Broke:,Ramming attack. Targets a single opponent.,55,"Melee, Bludgeon",14,,,,,,,,,,,,Assist,,,,,,,Weapon and Assist,,,,,,,Weapon and Assist,,,,,Assist,,,,,,,,,,,,,,,,,,,,
Stealth Viper,,Reptile,Medium,3,80,23,3,180,16,800,15,Vulcan:,Head mounted gun. Targets a single opponent.,30,"Ranged, Piercing",17,,Heavy Machine Gun:,Head mounted gun. Targets a single opponent. ,40,"Ranged, Piercing",17,,,,,,,Small Laser Machine Gun:,Back mounted energy gun. Targets a single opponent.,30,"Ranged, Energy",17,,,,,,,Go for Broke:,Ramming attack. Targets a single opponent.,35,"Melee, Bludgeon",14,Weapon and Assist,,,,,,,Assist,,,,,,,Assist,,,,,Assist,,,,,,,,,,,,,,,,,,,,
Zabat,,"Dinosaur, Flying",Small,3,60,14,10,2800,20,600,20,Laser Gun:,Shoulder mounted energy gun. Targets a single opponent. ,27,"Ranged, Anti-Air, Energy",18,,Hyper Claw:,Claw attack. Targets a single opponent.,65,"Melee, Anti-Air, Piercing",15,,,,,,,,,,,,,,,,,,,,,,,Assist,,,,,,,Assist,,,,,,,Assist,,,,,Assist,,,,,,,,,,,,,,,,,,,,
Command Wolf,,Wolf,Medium,4,120,22,10,210,14,800,30,Smoke Unit:,Deploys smoke in a 60m square. While in the smoke the attacks against the Zoid have disadvantage. Lasts three turns,,,,Active,Bite Fang:,Bite attack. Targets a single opponent. ,60,"Melee, Piercing",13,,,,,,,,,,,,,,,,,,,,,,,Weapon and Assist,Double Beam Cannon: back mounted energy cannon. Targets a single opponent.  Ranged (Command Wolf Only),,70,Energy,14,13,Weapon and Assist,,,,,,,Weapon and Assist,,,,,Assist,,,,,,,,,,,,,,,,,,,,
Guysack,,Insect,Small,4,60,22,8,120,20,1200,18,Beam Rifle:,Tail mounted energy rifle. Targets a single opponent. Max range- 750m.,40,"Ranged, Energy",18,,Smoke Unit:,Deploy smoke to obscure Zoid. Covers an area of 30m square. Disadvantage on attacks against you while in the smoke. Lasts for three turns.,,,,,,,,,Active,Laser Claw:,Claw energy attack. Targets a single opponent.,37,"Melee, Piercing, Energy",13,,,,,,,,,,,,Assist,,,,,,,Weapon and Assist,,,,,,,Weapon and Assist,,,,,Assist,,,,,,,,,,,,,,,,,,,,
Killer Dome,,Insect,Small,4,80,28,12,150,8,3000,15,Laser Cannon:,Shoots in a 15m by 30m deep line. Opponents in the area of effect must make a reaction save against your attack roll. Successful saves take no damage.,45,"Ranged, Energy",17,,Pulse Laser Cannon:,Shoots an area of 15m by 45m wide. Opponents in the area of effect must make a reaction save against your attack roll. Successful saves take no damage.,25,"Ranged, Energy",17,,,,,,,3D E. Radar:,Increase the hit rate by +10. Lasts for three turns. Gain,,Anti-Air,,,,10,,,Active,Giant Crab:,Claw attack. Targets a single opponent.,35,"Melee, Slashing",14,Weapon and Assist,,,,,,,Assist,,,,,,,Assist,,,,,Assist,,,,,,,,,,,,,,,,,,,,
Pteras Bomber,Pteras,"Dinosaur, Flying",Small,4,60,20,10,1200,2,1500,13,Vulcan:,Head mounted guns. Targets a vertical area 15m wide by 30m long. Opponents in the area of effect must make a reaction save against the attack roll. Successful saves take no damage.,30,"Ranged, Piercing",18,,2-Shot Missile:,Chest mounted missile launchers. Targets a single opponent.,50,"Ranged, Anti-Air, Homing, Explosive",18,,,,,,,Air Raid Missile:,Back mounted missiles. Targets a single opponent.,65,"Ranged, Homing, Explosive",17,,,,,,,Go 4 Broke:,Claw attack. Targets a single opponent.,50,"Melee, Slashing",13,Assist,,,,,,,Weapon and Assist,,,,,,,Weapon and Assist,,,,,Assist,,,,,,,,,,,,,,,,,,,,
Command Wolf Town,Command Wolf,Wolf,Medium,5,140,22,12,195,12,600,25,Rocket Gun:,"Back mounted rocket pods. Targets up to two opponents. Fires two rockets, each dealing half the damage. ",50,"Ranged, Explosive",13,,Smoke Unit:,Deploys smoke in a 60m square. While in the smoke the attacks against the Zoid have disadvantage. Lasts three turns,,,,,,,,,Active,Bite Fang:,Bite attack. Targets a single opponent.,85,"Melee, Piercing",17,,,,,,,,,,,,Assist,,,,,,,Weapon and Assist,,,,,,,Weapon and Assist,,,,,Assist,,,,,,,,,,,,,,,,,,,,
Gun Sniper,,Raptor,Small,5,130,20,10,200,12,1200,20,Beam Machine Gun: ,Hand mounted energy guns. Targets up to two opponents. Shoots two burts of 2D10 energy.,40,"Ranged, Energy",18,,8-Missile Pod:,Back mounted missile pod. Targets an area 30m by 30m.  Opponents on the area of effect must make a reaction save against the attack roll. Successful saves take no damage.,30,"Ranged, Homing, Energy",18,,,,,,,Sniper Rifle:,"Tail stiffens, claws clamp into the ground. Targets a single opponent. Minimum range of 75m.",70,"Ranged, Piercing",19,,,,,,,Anchro Claw:,Claw attack. Targets a single opponent.,65,"Melee, Piercing",13,Assist,,,,,,,Weapon and Assist,,,,,,,Weapon and Assist,,,,,Assist,,,,,,,,,,,,,,,,,,,,
Rev Raptor,,Raptor,Small,5,120,20,10,210,13,800,20,Counter Scythe: ,Side mounted scythes flip forward. Targets a single opponent. ,70,"Melee, Slashing",14,,Hyper Claw:,Claw attack. Targets a single opponent. ,60,"Melee, Slashing",15,,,,,,,,,,,,,,,,,,,,,,,Assist,,,,,,,Weapon and Assist,,,,,,,Weapon and Assist,,,,,Assist,,,,,,,,,,,,,,,,,,,,
Rev Raptor Pile Bunker,Rev Raptor,Raptor,Small,5,120,22,13,205,12,600,10,Counter Scythe: ,Side mounted scythes flip forward. Targets a single opponent. ,130,"Melee, Slashing",12,,Pile Bunker:,Back mounted spear. Targets a single opponent.,150,"Melee, Piercing",13,,,,,,,Hyper Claw:,Claw attack. Targets a single opponent.,100,"Melee, Slashing",15,,,,,,,,,,,,Assist,,,,,,,Assist,,,,,,,Weapon and Assist,,,,,Assist,,,,,,,,,,,,,,,,,,,,
Redler,,"Dinosaur, Flying",Medium,5,80,16,9,3000,2,300,20,Strike Claw:,Claw attack. Targets a single opponent.,50,"Melee, Slashing",15,,Laser Blade:,Energy wing attack. Targets a single opponent. ,75,"Ranged, Anti-Air, Slashing, Energy",14,,,,,,,,,,,,,,,,,,,,,,,Assist,,,,,,,Weapon and Assist,,,,,,,Weapon and Assist,,,,,Assist,,,,,,,,,,,,,,,,,,,,
Pteras Radome,Pteras,"Dinosaur, Flying",Small,5,140,18,10,2100,3,2000,20,Vulcan:,Head mounted guns. Targets a vertical area 15m wide by 30m long. Opponents in the area of effect must make a reaction save against the attack roll. Successful saves take no damage.,30,"Ranged, Piercing",18,,2-Shot Missile:,Chest mounted missile launchers. Targets a single opponent.,50,"Ranged, Anti-Air, Homing, Explosive",18,,,,,,,3D Radar:,Increaseas hit rate for self and ally's. You and ally's gain +10 to Hit,,,,,,10,,,Active,Go 4 Broke:,Claw attack. Targets a single opponent.,55,"Melee, Anti-Air, Slashing",14,Assist,,,,,,,Weapon and Assist,,,,,,,Weapon and Assist,,,,,Assist,,,,,,,,,,,,,,,,,,,,
Zaber Fang Old,,Tiger,Large,6,200,22,10,200,15,300,40,3 Shock Cannon: ,Chest mounted triple barreled cannon. Targets a single opponent.,80,"Ranged, Explosive",14,,20mm:,Shoulder mounted laser gun. Targets a single opponent. Ranged,60,"Ranged, Energy",17,,,,,,,Laser Machine Gun:,Chest mounted laser gun. Targets up to two opponents. Two bursts of energy bolts that split that damage between them. ,45,"Ranged, Energy",17,,,,,,,Killer Saber:,Front claw attack. Targets a single opponent.,130,"Melee, Slashing",13,Weapon and Assist,Double Beam Cannon:,Back mounted removable cannon. Targets a single opponent. (Only usable by Zaber Fang Old) ,12D10,"Ranged, Energy",18,15,Weapon and Assist,,,,,,,Weapon and Assist,,,,,Assist,,,,,,,,,,,,,,,,https://drive.google.com/file/d/1QrN6lz-o5Xx2XJOgrZTd3B-jem0QrbCz/view?usp=share_link,,,,
Hammer Rock,,Gorilla,Small,6,110,26,13,180,12,200,20,Vulcan Pack:,Left shoulder mounted rocket pods. Targets up to two opponents. Shoots two rockets. Damage is split between the rockets. ,30,"Ranged, Anti-Air, Explosive",16,,Multi Beam Gun:,Right shoulder mounted energy gun. Targets a single opponent. ,65,"Ranged, Anti-Air, Energy",16,,,,,,,Hammer Knuckle:,Punch attack. Targets a single opponent.,60,"Melee, Bludgeon",18,,,,,,,,,,,,Assist,,,,,,,Weapon and Assist,,,,,,,Weapon and Assist,,,,,Assist,,,,,,,,,,,,,,,,,,,,
Gun Sniper Weasel,Gun Sniper,Raptor,Small,6,150,22,17,160,12,800,10,Beam Machine Gun: ,Left arm mounted energy gun. Targets up to two opponents. Shoots two bursts of 9D10 energy,180,"Ranged, Energy",18,,8-Missile Pod:,Back mounted missile pods. Targets an area 45m by 45m. Opponents in the area of effect must make a reaction against the attack roll. Successful saves take no damage.,50,"Ranged, Homing, Explosive",18,,,,,,,Multi-Beam Gun:,Right arm mounted energy damage. Targets a single opponent.,60,"Ranged, Explosive",16,,,,,,,Anchor Claw:,Claw attack. Targets a single opponent.,120,"Melee, Slashing",13,Assist,,,,,,,Assist,,,,,,,Assist,,,,,Assist,,,,,,,,,,,,,,,,,,,,
Unenlagia,,BLOX,Small,6,140,20,18,195,12,600,30,Strike Laser Claw: ,Claw energy attack. Targets a single opponent. ,100,"Melee. Slashing, Energy",14,,Hand Gun:,Hand mounted guns. Targets up to two opponents. Shoots two bursts that split the damage. ,65,"Ranged, Piercing",16,,,,,,,Tail Rifle:,Tail sniper rifle. Targets a single opponent. ,100,"Ranged, Piercing",18,,,,,,,Bite Fang:,Bite attack. Targets a single opponent.,80,"Melee, Piercing",13,Assist,,,,,,,Weapon and Assist,,,,,,,Weapon and Assist,,,,,Assist,,,,,,,,,,,,,,,,,,,,
Mosasledge,,BLOX,Small,6,140,22,18,100,4,100,30,Torpedo Pod: ,Back mounted torpedo. Targets up to two opponnents. Fires two torpedos with the damage split between them. ,45,"Ranged, Explosive",15,,Tail Saw:,Tail attack. Targets a single opponent. ,130,"Melee, Slashing",14,,,,,,,Ion Booster:,Increases speed. Gains +300 to speed. Lasts for three turns,,,,,300,,,,Active,Bite Fang:,Bite attack. Targets a single opponent.,100,"Melee, Piercing",13,Assist,,,,,,,Weapon and Assist,,,,,,,Weapon and Assist,,,,,Assist,,,,,,,,,,,,,,,,,,,,
Nightwise,,BLOX,Small,6,140,18,27,3100,2,2000,20,Missile Pod: ,Underwing mounted missile pods. Targets an area 30m by 30m. Opponents inside the area of effect must make a reaction save against the attack roll. successful rolls take no damage.  ,65,"Ranged, Anti-Air, Explosive",18,,Inferred Sensor:,"Gains +1,000 range. Lasts three turns. ",,,,,,,,1000,Active,Ion Booster:,Increases speed. Gains +500 to speed. Lasts three turns. ,,,,,500,,,,Active,Crusher Claw:,Claw attack. Targets a single opponent.,75,"Melee, Anti-Air, Piercing",15,Weapon and Assist,,,,,,,Assist,,,,,,,Assist,,,,,Assist,,,,,,,,,,,,,,,,,,,,
Gustav,,Insect,Medium,6,200,28,15,135,4,500,100,Assisting Fire:,Front mounted energy guns. Targets a single opponent ,140,"Ranged, Energy",10,,,,,,,,,,,,,,,,,,,,,,,,,,,,,,,,,,,,,,,,,,,,,,,,,,,,,,,,,,,,,,,,,,,,
Atak Kat,,Tiger,Small,7,100,20,9,190,16,1800,20,Laser Machine Gun:,Chest mounted energy gun. Can target up to two Zoids. Shoots two energy bolts dealing 3D6 energy,30,"Ranged, Energy",17,,Optical Camouflage:,Self targeting stealth field. Turn “invisible”. Lasts for 5 turns. Disadvantage on attack rolls against you. Advantage on stealth checks.,,,,,,,,,Active,Go for Broke:,Claw attack. Targets a single opponent.,60,"Melee, Slashing",13,,,,,,,,,,,,Weapon and Assist,Double Beam Cannon:,back mounted energy weapon. Targets a single opponent. Ranged (Atak Kat Only),60,Energy,17,8,Weapon and Assist,,,,,,,Weapon and Assist,,,,,Assist,,,,,,,,,,,,,,,,,,,,
Shield Liger,,Lion,Large,7,210,22,13,250,15,300,40,Shock Cannon:,Chest mounted cannon. Targets a single opponent.,100,"Ranged, Explosive",14,,Energy Shield:,Deploys a curved semi domed shield in front of the Zoid. Blocks 150 damage before dispersing. ,,,,150,,,,,Active,Laser Saber:,Claw attack. Targets a single opponent.,150,"Melee, Piercing",13,,,,,,,,,,,,Weapon and Assist,,,,,,,Weapon and Assist,,,,,,,Weapon and Assist,,,,,Assist,,,,,,,,,,,,,,,,,,,,
Allosaurer,Godos,"Dinosaur, Land",Medium,7,120,22,10,170,15,150,20,Double Beam Cannon: ,,70,"Ranged, Energy",18,,Electric Claw: ,Claw attack. Targets a single opponent. ,70,"Melee, Piercing, Electric",16,,,,,,,Energy Bite Fang: ,Bite Attack. Targets a single opponent. ,80,"Melee, Piercing",15,,,,,,,,,,,,Assist,,,,,,,Weapon and Assist,,,,,,,Weapon and Assist,,,,,Assist,,,,,,,,,,,,,,,,,,,,
Flyscissors,,BLOX,Small,7,150,18,15,2800,3,300,20,X-Scissor:,Front pincer attack. Targets a single opponent.,160,"Melee, Anti-Air, Piercing",12,,X Claws:,Claw attack. Targets a single opponent. ,85,"Melee, Anti-Air, Slashing",15,,,,,,,Smash Tail:,Tail attack. Targets a single opponent.,120,"Melee, Anti-Air, Slashing",13,,,,,,,Strike Claw:,Claw attack. Targets a single opponent.,120,"Melee, Anti-Air, Slashing",15,Assist,,,,,,,Weapon and Assist,,,,,,,Weapon and Assist,,,,,Assist,,,,,,,,,,,,,,,,,,,,
Shell Karn,,BLOX,Small,7,150,27,18,80,10,100,30,Electro-Magnetic Cannon:,Shoulder mounted energy cannon. Targets a single opponent.,30,"Ranged, Energy",12,,Hammer Knuckle:,Punch attack. Targets a single opponent.,150,"Melee, Bludgeon",13,,,,,,,Bite Fang:,Bite attack. Targets a single opponent.,90,"Melee, Piercing",15,,,,,,,,,,,,Assist,,,,,,,Weapon and Assist,,,,,,,Weapon and Assist,,,,,Assist,,,,,,,,,,,,,,,,,,,,
Diplo Gun,,BLOX,Small,7,150,22,18,200,3,300,20,Railcannon:,Railgun that runs the whole length of the Zoid. Targets a single opponent.,120,"Ranged, Piercing",17,,Ion Booster:,Gain +500 speed. Lasts for three turn. ,,,,,500,,,,Active,Diplo Cutter:,Side mounted blades. Targets a single opponent. ,80,"Melee, Anti-Air, Slashing",14,,,,,,,,,,,,Assist,,,,,,,Weapon and Assist,,,,,,,Weapon and Assist,,,,,Assist,,,,,,,,,,,,,,,,,,,,
Demon's Head,,BLOX,Small,7,150,24,18,80,8,100,30,Magnet Claw:,Claw attack. Targets a single opponent.,85,"Melee, Slashing",13,,Magnezer Spear:,Spears flip forward. Targets a single opponent.,140,"Melee, Piercing",14,,,,,,,Magnezer Tail:,Tail attack. Targets a single opponent.,130,"Melee, Slashing",13,,,,,,,Magnezer Fang:,Bite attack. Targets a single opponent.,150,"Melee, Piercing",12,Assist,,,,,,,Weapon and Assist,,,,,,,Weapon and Assist,,,,,Assist,,,,,,,,,,,,,,,,,,,,
Zaber Fang,Zaber Fang Old,Tiger,Large,8,220,23,15,240,15,300,40,3 Barrel Shock Cannon: ,Chest mounted triple barrled cannon. Targets a single opponent.,120,"Ranged, Explosive",14,,20mm:,Shoulder mounted lasers. Targets a single opponent.,120,"Ranged, Energy",17,,,,,,,Killer Saber:,Front claw attack. Targets a single opponent.,140,"Melee, Slashing",13,,,,,,,,,45,,,Weapon and Assist,Double Beam Cannon:,Back mounted removable cannon. Targets a single opponent. (Zaber Fang Only) ,12D10 ,"Ranged, Energy",18,15,Weapon and Assist,,,,,,,Weapon and Assist,,,,,Assist,,,,,,,,,,,,,,,,,,,,
Zaber Fang TS,Zaber Fang AT,Tiger,Large,8,230,23,20,250,15,300,40,3 Barrel Shock Cannon:,Chest mounted triple barrel cannon. Targets a single opponent.,140,"Ranged, Explosive",14,,Short Range Cannon:,Back mounted cannon. Targets a single opponent. ,160,"Ranged, Explosive",13,,,,,,,Killer Saber:,Bite attack. Targets a single opponent. ,160,"Melee, Piercing",13,,,,,,,,,,,,Assist,,,,,,,Weapon and Assist,,,,,,,Weapon and Assist,,,,,Assist,,,,,,,,,,,,,,,,,,,,
Shield Liger DCS,Shield Liger,Lion,Large,8,210,22,13,250,10,300,30,Shock Cannon:,Chest mounted cannon. Targets a single opponent.,100,"Ranged, Explosive",14,,Beam Cannon:,Back mounted energy cannon. Targets a single opponent. ,140,"Ranged, Energy",18,,,,,,,Energy Shield:,Curved energy shield. Blocks 150 damage before dispersing. ,,,,150,,,,,Active,Laser Saber:,Claw attack. Targets a single opponent.,150,"Melee, Piercing",13,Assist,,,,,,,Weapon and Assist,,,,,,,Weapon and Assist,,,,,Assist,,,,,,,,,,,,,,,,,,,,
Command Wolf AC,Command Wolf,Wolf,Medium,8,170,22,12,200,14,800,30,Long Range Cannon:,Back mounted cannon. Targets a single opponent. Minimum range of 100m.  ,95,"Ranged, Explosive",18,,Smoke Unit:,Deploys smoke in a 60m square. While in the smoke the attacks against the Zoid have disadvantage. Lasts three turns,,,,,,,,,Active,Bite Fang:,Bite attack. Targets a single opponent. ,85,"Melee, Piercing",13,,,,,,,,,,,,Assist,,,,,,,Weapon and Assist,,,,,,,Weapon and Assist,,,,,Assist,,,,,,,,,,,,,,,,,,,,
Climber Wolf,Command Wolf,Wolf,Medium,8,130,22,10,200,14,800,30,Double Laser:,Back mounted laser cannon. Targets a single opponent. If damage exceeds remaining Zoids health the remaining energy bolts continues in a straight line.,50,"Ranged, Penetrate, Energy",18,,Bite Fang:,Bite attack. Targets a single opponent.,85,"Melee, Piercing",13,,,,,,,,,,,,,,,,,,,,,,,Assist,,,,,,,Weapon and Assist,,,,,,,Weapon and Assist,,,,,Assist,,,,,,,,,,,,,,,,,,,,
Snipe Master,Gun Sniper,Raptor,Small,8,150,21,15,195,13,800,20,Zan Smasher: ,Front claw attack. Targets a single opponent. ,100,"Melee, Slashing",15,,Sniper Rifle:,"Tail stiffens, claws clamp into the ground. Targets a single opponent. Minimum range of 75m.",80,"Ranged, Piercing",19,,,,,,,Bite Fang:,Bite attack. Targets a single opponent.,85,"Melee, Piercing",13,,,,,,,,,,,,Assist,,,,,,,Weapon and Assist,,,,,,,Weapon and Assist,,,,,Assist,,,,,,,,,,,,,,,,,,,,
Gordos,,"Dinosaur, Land",Large Large,8,250,22,14,80,8,1000,60,Beam Gun: ,Back mounted energy gun. Targets a single opponent. ,80,"Ranged, Energy",17,,Railgun:,Back mounted railgun. Targets a single opponent. ,70,"Ranged, Piercing",18,,,,,,,GPS mine detection:,"Increases the range by 1,000. Lasts three turns",,,,,,,,1000,Active,Hyper Bite Fang:,Bite attack. Targets a single opponent. Melee,80,"Melee, Piercing",12,Assist,,,,,,,Weapon and Assist,,,,,,,Weapon and Assist,,,,,Assist,,,,,,,,,,,,,,,,,,,,
Red Horn,,"Dinosaur, Land",Large,8,240,28,15,130,10,300,50,3-Barrel Linear Cannon: ,Back mounted cannon. Targets a single opponent. ,130,"Ranged, Explosive",16,,Missile Pod:,Back mounted missile pods. Targets a vertical area 45m wide and 90m long. ,65,"Ranged, Homing, Explosive",18,,,,,,,Anti-Air Beam Cannon:,Back mounted energy cannon. Targets a single opponent.,110,"Ranged, Anti-Air, Energy",17,,,,,,,Crusher Horn:,Horn attack. Targets a single opponent.,140,"Melee, Piercing",12,Assist,,,,,,,Weapon and Assist,,,,,,,Weapon and Assist,,,,,Assist,,,,,,,,,,,,,,,,,,,,
Leo Blaze,,BLOX,Small,8,140,21,18,220,14,300,30,Strike Laser Claw: ,Energy claw attack. Targets a single opponent. ,100,"Melee, Slashing, Energy",17,,Zan Blade:,Tail blade. Targets a single opponent. ,130,"Melee, Slashing",12,,,,,,,Energy Shield:,Curved energy shield. Blocks 100 damage before dispersing. ,,,,100,,,,,Active,Bite Fang:,Bite attack. Targets a single opponent.,80,"Melee, Piercing",13,Assist,,,,,,,Weapon and Assist,,,,,,,Weapon and Assist,,,,,Assist,,,,,,,,,,,,,,,,,,,,
Dark Poison,Molga,Insect,Small,8,130,28,15,250,12,300,20,Strategic Missile:,Back mounted missiles. Targets a single opponent.,50,"Ranged, Explosive",16,,Go 4 Broke:,Ramming attack. Targets a single opponent.,90,"Melee, Bludgeon",17,,,,,,,,,,,,,,,,,,,,,,,Weapon and Assist,,,,,,,Assist,,,,,,,Assist,,,,,Assist,,,,,,,,,,,,,,,,,,,,
Raynos,,"Dinosaur, Flying",Medium,8,160,21,10,3300,15,1500,20,Triple Beam Cannon:,Chest mounted energy cannon.,90,"Ranged, Anti-Air, Energy",18,,3D Radar:,Gain +6 to Hit. Lasts three turns. +12 against flying Zoids.,,,,,,6,,,Active,Strum Claw:,Claw attack. Targets a single opponent.,75,"Melee, Anti-Air, Piercing",15,,,,,,,,,,,,Assist,,,,,,,Weapon and Assist,,,,,,,Weapon and Assist,,,,,Assist,,,,,,,,,,,,,,,,,,,,
Gorhecks,Gordos,"Dinosaur, Land",Medium,9,150,11,8,120,8,500,35,Double Beam Cannon: ,Neck mounted energy cannon. Targets a single opponent. ,70,"Ranged, Energy ",16,,2-Missile:,Belly mounted missile pods. Targets a horizontal area 30m by 60m. Opponents in the area must make a reaction save against the attack roll. Successful saves take no damage. ,60,"Ranged, Explosive",13,,,,,,,3D Antenna:,Increases to Hit by +4 ,,,,,,4,,,Active,Go For Broke: ,Ramming attack. Targets a single opponent. ,95,"Melee, Bludgeon ",15,Assist,,,,,,,Weapon and Assist,,,,,,,Weapon and Assist,,,,,Assist,,,,,,,,,,,,,,,,,,,,
Redler BoostC,Redler,"Dinosaur, Flying",Medium,9,150,17,10,3300,2,300,18,Beam Cannon:,Back mounted energy cannon. Targets a single opponent.,130,"Ranged, Anti-Air, Energy",17,,Booster:,Back mounted booster. Gains +500 speed. Lasts three turns. ,,,,,500,,,,Active,Strike Claw:,Claw attack. Targets a single opponent.,100,"Melee, Piercing",15,,,,,,,,,,,,Assist,,,,,,,Weapon and Assist,,,,,,,Weapon and Assist,,,,,Assist,,,,,,,,,,,,,,,,,,,,
Zaber Fang AT,Zaber Fang,Tiger,Large,10,230,23,17,250,15,400,40,3 Barrel Shock Cannon:,Chest mounted triple barrel cannon. Targets a single opponent.,120,"Ranged, Explosive",14,,8-Missile Pod:,Back mounted missile pod. Targets up to four opponents. Shoots four missiles with the damage split between them. ,75,"Ranged, Explosive, Homing",18,,,,,,,Killer Saber:,Bite attack. targets a single opponent,160,"Melee, Piercing",13,,,,,,,,,,,,Assist,,,,,,,Weapon and Assist,,,,,,,Weapon and Assist,,,,,Assist,,,,,,,,,,,,,,,,,,,,
Iron Kong,,Gorilla,Large,10,240,23,25,150,6,600,50,6-shot Missile Pod:,Shoulder mouted missile pod. Targets an area 45m by 90m. Opponents in the area of effect must make a reaction save against the attack roll. Successful saves take no damage. ,70,"Ranged, Homing, Explosive",13,,10-Shot Rocket:,Back mounted rocket pod. Targets an area 90m by 90m. Opponents in the area of effect must make a reaction save against the attack roll. Successful saves take no damage. ,60,"Ranged, Explosive",13,,,,,,,Hammer Knuckle:,Punch attack. Targets a single opponent. Melee,150,"Melee, Bludgeon",15,,,,,,,,,,,,Assist,,,,,,,Weapon and Assist ,,,,,,,Weapon and Assist,,,,,Assist,,,,,,,,,,,,,,,,,,,,
Snipe Master FB,Snipe Master,Raptor,Small,10,170,23,16,205,16,1500,10,Long Range Rifle: ,Back mounted rifle. Targets a single opponent. ,80,"Ranged, Piercing",18,,Sniper Rifle:,"Tail stiffens, claws clamp into the ground. Targets a single opponent. Minimum range of 75m. ",100,"Ranged, Piercing",19,,,,,,,Flexible Booster:,Increases reaction. Gain +10 to reaction. Lasts three turns. ,,,,,,,10,,Active,Bite Fang:,Bite attack. Targets a single opponent.,95,"Melee, Piercing",13,Assist,,,,,,,Assist,,,,,,,Assist,,,,,Assist,,,,,,,,,,,,,,,,,,,,
Snipe Master AS,Snipe Master,Raptor,Small,10,170,26,18,190,14,1500,10,Strike Tonfa: ,Claw attack. Targets a single opponent.,160,"Melee, Slashing",15,,Sniper Rifle:,"Tail stiffens, claws clamp into ground. Targets a single opponent. Minimum range of 75m.",100,"Ranged, Homing, Piercing",19,,,,,,,Beam Cannon:,Wrist mounted energy cannons. Targets a single opponent.,150,"Ranged, Energy",16,,,,,,,Bite Fang:,Bite attack. Targets a single opponent.,95,"Melee, Piercing",13,Assist,,,,,,,Assist,,,,,,,Assist,,,,,Assist,,,,,,,,,,,,,,,,,,,,
Gordos LR,Gordos,"Dinosaur, Land",Large Large,10,250,22,24,60,7,1000,20,4-Barrel Shock Cannon: ,Side mounted cannon. Targets a single opponent.,140,"Ranged, Explosive",14,,Long Range Cannon:,Back mounted cannon. Targets a single opponent. ,140,"Ranged, Explosive",18,,,,,,,GPS Mine Detector:,"Increases range by +1,000. Lasts three turns. ",,,,,,,,1000,Active,Hyper Bite Fang:,Bite attack. Targets a single opponent.,150,"Melee, Piercing",12,Assist,,,,,,,Weapon and Assist,,,,,,,Weapon and Assist,,,,,Assist,,,,,,,,,,,,,,,,,,,,
Red Horn BG,Red Horn,"Dinosaur, Land",Large,10,240,28,20,130,10,300,45,3-Barrel Linear Cannon: ,Back mounted energy cannon. Targets a single opponent. ,130,"Ranged, Energy",16,,Missile Pod:,Back mounted missile pods. Targets a vertical area 45m wide by 90m long. Opponents in the area of effect must make a reaction save against the attack roll. Successful saves take no damage. ,65,"Ranged, Homing, Explosive",18,,,,,,,Energy Gatling:,Back mounted energy gatling. Targets a horizontal area 45m wide by 90m long.,90,"Ranged, Energy",16,,,,,,,Crusher Horn:,Horn attack. Targets a single opponent.,170,"Melee, Piercing",12,Assist,,,,,,,Weapon and Assist,,,,,,,Weapon and Assist,,,,,Assist,,,,,,,,,,,,,,,,,,,,
Fire Phoenix,,BLOX,Medium,10,200,18,16,2000,18,400,35,Charge Missile:,Chest mounted rocket. Targets a single opponent. ,230,"Ranged, Anti-Air, Explosive",11,,Laser Claw:,Energy claw attack. Targets a single opponent. ,,,,,,,,,,,,,,,,,,,,,,,,,,Assist,,,,,,,Weapon and Assist,,,,,,,Weapon and Assist,,,,,Assist,,,,,,,,,,,,,,,,,,,,
Jet Falcon,,BLOX,Medium,10,300,18,10,3000,12,450,35,Shock Cannon:,Back mounted cannon. Targets a single opponent. ,150,"Ranged, Anti-Air, Explosive",14,,Buster Claw:,Chest mounted claw attack. Targets a single opponent. ,190,"Melee, Anti-Air, Slashing",16,,,,,,,Magna Wing: ,Increase speed by 500. Lasts for three turns. ,,,,,500,,,,,Smash Claw:,Claw attack. Targets a single opponent. ,130,"Melee, Slashing",16,Weapon and Assist,,,,,,,Assist,,,,,,,Assist,,,,,Assist,,,,,,,,,,,,,,,,,,,,
Guysack Stinger,Guysack,Insect,Small,10,180,24,18,120,16,1500,40,Beam Gun:,Tail mounted energy gun. Max range 750m. Targets a single opponent.,120,"Ranged, Energy",16,,Paralyzing Mist:,Deploys a mist that targets the Zoids systems. Canister deploys mist in a 15m by 45m wide wall. Targets the systems. Targets inside the area of effect must make a reaction roll against your attack. On a success they dodge the attack. Zoids damaged by this attack must make a percentile roll. if the roll is a 49 or lower the Zoid is frozen. At the end of their turn they may roll again to restore.,30,"Ranged, Freeze, Electrical",14,,,,,,,Laser Claw:,Claw energy attack. Targets a single opponent.,140,"Melee, Piercing, Energy",13,,,,,,,,,,,,Assist,,,,,,,Weapon and Assist,,,,,,,Weapon and Assist,,,,,Assist,,,,,,,,,,,,,,,,,,,,
Hammer Head,,Reptile,Medium,10,200,24,15,1000,4,300,30,Hyper Shock Gun:,Forward mounted guns. Targets a single opponent.,140,"Ranged, Anti-Air, Explosive",16,,Hyper Beam Cannon:,Back mounted energy cannon. Targets a single opponent.,170,"Ranged, Anti-Air, Energy",16,,,,,,,Missile Pod:,Forward mounted missile pods. Targets an area 60m by 60m.,65,"Ranged, Anti-Air, Explosive",18,,,,,,,Go for Broke:,Ramming attack. Targets a single opponent.,120,"Melee, Anti-Air, Bludgeon",14,Assist,,,,,,,Weapon and Assist,,,,,,,Weapon and Assist,,,,,Assist,,,,,,,,,,,,,,,,,,,,
Redler Interceptor ,Redler,"Dinosaur, Flying",Medium,10,200,18,13,3000,4,450,15,Cannon:,Back mounted cannon. Targets a single opponent.,90,"Ranged, Explosive",18,,Booster:,Back mounted booster. Gain +400 speed. Lasts three turns.,,,,,400,,,,Active,Anchor Claw:,Claw attack. Targets a single opponent.,130,"Melee, Slashing",15,,,,,,,,,,,,Assist,,,,,,,Weapon and Assist,,,,,,,Weapon and Assist,,,,,Assist,,,,,,,,,,,,,,,,,,,,
Hover Cargo,,Insect,Extra Large,10,350,25,30,410,3,1500,500,Assisting Fire:,Front mounted energy guns. Targets a single opponent.,180,"Ranged, Energy",15,,,,,,,,,,,,,,,,,,,,,,,,,,,,,,,,,,,,,,,,,,,,,,,,,,,,,,,,,,,,,,,,,,,,
Zaber Fang SS,Zaber Fang,Tiger,Large,11,220,23,20,240,16,500,40,3 Barrel Shock Cannon:,Chest mounted triple barrel cannon. Targets a single opponent.,120,"Ranged, Explosive",14,,Beam Gun:,Back mounted energy gun. Targets a single opponent.,60,"Ranged, Energy",17,,,,,,,Beam Gatling:,Target up to two opponents. Shoots two bursts of energy that split the damage. ,90,"Ranged, Energy",16,,,,,,,Killer Saber:,Claw attack. Targets a single opponent.,160,"Melee, Slashing",13,Weapon and Assist,,,,,,,Weapon and Assist,,,,,,,Weapon and Assist,,,,,Assist,,,,,,,,,,,,,,,,,,,,
Command Wolf IS,Command Wolf,Wolf,Medium,11,180,22,16,200,15,800,25,Smoke Unit:,Deploys smoke in a 60m square. While in the smoke the attacks against the Zoid have disadvantage. Lasts three turns,,,,Active,Bite Fang:,Bite attack. Targets a single opponent. ,120,"Melee, Piercing",14,,,,,,,,,,,,,,,,,,,,,,,Weapon and Assist,Long Rang Rifle:,back mounted rifle. Targets a single opponent. Minimum range of 100m. Ranged (Command Wolf Only),130,Piercing,19,18,Weapon and Assist,,,,,,,Weapon and Assist,,,,,Assist,,,,,,,,,,,,,,,,,,,,
Rev Hunter,Rev Raptor,Raptor,Small,11,200,20,20,250,13,900,25,Killer Lance: ,shoulder mounted claws. Targets a single opponent. ,160,"Melee, Piercing",17,,Hyper Claw:,Claw attack. Targets a single opponent.,120,"Melee, Piercing",17,,,,,,,,,,,,,,,,,,,,,,,Assist,,,,,,,Weapon and Assist,,,,,,,Weapon and Assist,,,,,Assist,,,,,,,,,,,,,,,,,,,,
Buster Eagle,,BLOX,Medium,11,210,21,20,2000,6,300,30,Buster Cannon:,Back mounted cannon. Targets a single opponent.,280,"Ranged, Anti-Air, Explosive",10,,Anti-Zoids Missile:,Side mounted missile pods. Targets an area 60m by 60m. Opponents in the area of effect must make a reaction save against your attack roll. Successful rolls take no damage.,60,"Ranged, Anti-Air, Homing, Explosive",18,,,,,,,Buster Claw:,Claw attack. Targets a single opponent.,180,"Melee, Anti-Air, Piercing",15,,,,,,,,,,,,Assist,,,,,,,Weapon and Assist,,,,,,,Weapon and Assist,,,,,Assist,,,,,,,,,,,,,,,,,,,,
Lightning Saix,,Tiger,Medium,12,230,22,17,325,18,200,30,2-Barrel Vulcan Cannon:,Head mounted machine gun. Covers an area of 60m by 60m. Targets in the area must make a reaction against the attack roll. Successful saves take no damage. ,55,"Ranged, Piercing",17,,Killer Fang:,Bite attack. Targets a single opponent.,130,"Melee, Piercing",13,,,,,,,,,0,,,,,,,,,,,,,,Weapon and Assist,Pulse Laser Gun:,back mounted energy gun. Targets up to two opponents. Ranged (Lightning Saix Only),110,Energy,18,20,Weapon and Assist,,,,,,,Weapon and Assist,,,,,Assist,,,,,,,,,,,,,,,,,,,,
Shadow Fox,,Wolf ,Medium,12,220,22,20,290,18,1000,35,Electro-Magnetic Bite Fang:,Bite attack. Targets a single opponent. ,180,"Melee, Piercing",14,,Smoke Unit:,Deploys smoke in a 60m square. While in the smoke the attacks against the Zoid have disadvantage. Lasts three turns,,,,,,,,,Active,Strike Laser Claw:,Claw attack. Targets a single opponent.,220,"Melee, Slashing, Energy",15,,,,,,,,,,,,Weapon and Assist,Laser Vulcan Gun: back mounted gun. Targets up to three Zoids. Ranged (Shadow Fox Only),,Shoots three bursts of 3D10 ,Energy,17,,Weapon and Assist ,,,,,,,Weapon and Assist,,,,,Assist,Optical Camouflage:,,,"Self targeting stealth generator. Turns the Zoid ""invisible"". Lasts for three turns. Attack rolls have disadvantage against your Zoid.",5,,Active,,,,,,,,,,,,,
Iron Kong Maneuver,Iron Kong,Gorilla,Large ,12,260,23,30,180,14,600,45,6-shot Missile Pod: ,Right Shoulder mounted missile pod. Targets an area 30m by 60m. Opponents in the area of effect must make a reaction save against the attack roll. Successful saves take no damage. ,100,"Ranged, Explosive",18,,10-Shot Rocket:,Left shoulder mounted rocket pod. Targets an area 60m by 60m. Opponents in the area of effect must make a reaction save against the attack roll. Successful saves take no damage. ,60,"Ranged, Explosive",13,,,,,,,High mobility Unit: ,Increased reaction. Gain +10 to reaction. Lasts three turns,,,,,,,10,,Active,Hammer Knuckle:,Punch attack. Targets a single opponent.,200,"Melee, Bludgeon",15,Assist,,,,,,,Weapon and Assist ,,,,,,,Weapon and Assist,,,,,Assist,,,,,,,,,,,,,,,,,,,,
Gun sniper LS,Gun Sniper Weasel,Raptor,Small,12,180,22,20,120,14,600,5,Missile Pod: ,Back mounted missile pods. Targets an area 45m by 45m. Opponents in the area of effect must make a reaction save against the attack roll. Successful saves take no damage.,65,"Ranged, Homing, Explosive",16,,Beam Gatling:,Shoulder mounted gatling guns. Targets a vertical area 30m by 90m. Opponents in the area of effect must make a reaction save against the attack roll. Successful saves take no damage.,70,"Ranged, Piercing",16,,,,,,,Full Burst:,Launches all missiles. Targets an area 90m by 90m. Opponents in the area of effect must make a reaction save against the attack roll. Successful saves take no damage.,160,"Ranged, Homing, Explosive",16,,,,,,,Anchor Claw:,Claw attack. Targets a single opponent.,120,"Melee, Slashing",13,Assist,,,,,,,Assist,,,,,,,Assist,,,,,Assist,,,,,,,,,,,,,,,,,,,,
Gun Sniper NS,Gun Sniper Weasel,Raptor,Small,12,160,22,20,200,16,3000,20,Beam Machine Gun: ,Wrist mounted energy guns. Targets up to two opponents. Shoots two energy beams that deal 4D10 energy ,80,"Ranged, Energy",18,,8-Missile Pod:,Back mounted missile pods. Targets an area 45m by 45m.  Opponents in the area of effect must make a reaction save against the attack roll. Successful saves take no damage.  ,65,"Ranged, Homing, Explosive",18,,,,,,,Sniper Rifle:,"Tail stiffens, claws clamp into the ground. Targets a single opponent. Minimum range of 75m.",160,"Ranged, Piercing",19,,,,,,,Anchor Claw:,Claw attack. Targets a single opponent.,120,"Melee, Slashing",13,Assist,,,,,,,Weapon and Assist,,,,,,,Weapon and Assist,,,,,Assist,,,,,,,,,,,,,,,,,,,,
2-Arm Lizard,"Leoblaze, Unenlagia",BLOX,Medium,12,240,22,28,130,12,600,30,Handgun:,Hand mounted guns. Targets up to two opponents. Damage is split between the targets. ,90,"Ranged, Piercing",16,,Tail Rifle:,Back mounted sniper rifle. Targets a single opponent.,210,"Ranged, Piercing",18,,,,,,,Zan Blade:,Tail attack. Targets a single opponent.,250,"Melee, Slashing",18,,,,,,,Bite Fang:,Bite attack. Targets a single opponent.,180,"Melee, Piercing",13,Weapon and Assist,,,,,,,Weapon and Assist,,,,,,,Weapon and Assist,,,,,Assist,,,,,,,,,,,,,,,,,,,,
Lord Gale,"DiploGun, Flyscissors, Demonshead, Shellkarn.",BLOX,Medium,12,250,21,28,300,16,500,25,X-Scissor:,Right arm attack. Targets a single opponent.,280,"Melee, Anti-Air, Slashing",16,,Magnezer Spear:,Left arm spear attack. Targets a single opponent. ,180,"Melee, Piercing",16,,,,,,,,,,,,,,,,,,,,,,,Assist,,,,,,,Weapon and Assist,,,,,,,Weapon and Assist,,,,,Assist,,,,,,,,,,,,,,,,,,,,
Hammer Head VL,Hammer Head,Reptile,Medium,12,200,24,25,1000,4,300,5,Hyper Shock Gun:,Back mounted guns. Targets a single opponent.,140,"Ranged, Anti-Air, Piercing",16,,3D Radome:,An ally of your choice gains +10 to Hit. Lasts for three turns,,,,,,10,,,Active,Lance Attack:,Forward mounted spears. Targets a single opponent.,200,"Melee, Piercing",12,,,,,,,,,,,,Assist,,,,,,,Weapon and Assist,,,,,,,Weapon and Assist,,,,,Assist,,,,,,,,,,,,,,,,,,,,
Zaber Fang RS,Zaber Fang,Tiger,Large,13,250,23,22,240,16,500,50,3 Barrel Shock Cannon: ,Chest mounted triple barrel cannon. Targets a single opponent.,120,"Ranged, Explosive",16,,20mm:,Shoulder mounted lasers. Targets a single opponent.,60,"Ranged, Energy",17,,,,,,,Killer Saber:,Front claws attack. Targets a single opponent.,160,"Melee, Slashing",13,,,,,,,,,,,,Weapon and Assist,Double Beam Cannon:,Back mounted removable cannon. Targets a single opponnent. (Zaber Fang Only),12D10,Energy,18,15,Weapon and Assist,,,,,,,Weapon and Assist,,,,,Assist,,,,,,,,,,,,,,,,,,,,
Lightning Saix BS,Lightning Saix,Tiger,Medium,13,230,22,17,310,17,200,25,2-Barrel Vulcan Cannon:,Head mounted machine gun. Covers an area of 60m by 60m.,55,"Ranged, Piercing",17,,Killer Fang:,Bite attack. Targets a single opponent. ,130,"Melee, Piercing",13,,,,,,,,,0,,,,,,,,,,,,,,Weapon and Assist,Pulse Laser Gun:,back mounted energy gun. Targets up to two opponents. Ranged (Lightning Saix Only),130,Energy,19,22,Weapon and Assist,,,,,,,Weapon and Assist,,,,,Assist,,,,,,,,,,,,,,,,,,,,
Shield Liger DCS-J,Shield Liger DCS,Lion,Large,13,250,23,23,285,12,300,40,Shock Cannon:,Chest mounted cannon. Targets a single opponent.,140,"Ranged, Explosive",14,,Beam Cannon:,Back mounted energy cannon. Targets a single opponent. ,230,"Ranged, Energy",18,,,,,,,Energy Shield:,Curved energy shield. Blocks 200 damage before dispersing. ,,,,200,,,,,Active,Laser Saber:,Bite attack. Targets a single opponent.,200,"Melee, Piercing",13,Assist,,,,,,,Weapon and Assist,,,,,,,Weapon and Assist,,,,,Assist,,,,,,,,,,,,,,,,,,,,
Blade Liger,Shield Liger,Lion,Large,13,280,21,25,305,15,400,50,Shock Cannon:,Chest mounted cannon. Targets a single opponent.,140,"Ranged, Explosive",15,,Energy Shield:,Deploys a curved semi domed shield in front of the Zoid. Blocks 200 damage before dispersing. ,,,,200,,,,,Active,Laser Blade:,Blades fold down and extend out from the side. Targets a single opponent.,220,"Melee, Slashing, Energy",14,,,,,,,,,,,,Weapon and Assist,,,,,,,Weapon and Assist,,,,,,,Weapon and Assist,,,,,Assist,,,,,,,,,,,,,,,,,,,,
Liger Aero,Shield Liger,Lion,Large,13,230,22,23,280,19,500,30,Shock Gun:,Chest mounted cannon. Targets a single opponent.,170,"Ranged, Explosive",17,,Energy Shield: ,Deploys a curved semi domed shield in front of the Zoid. Blocks 300 damage before dispersing. ,,,,300,,,,,Active,Laser Saber:,Bite attack. Targets a single opponent. ,200,"Melee, Piercing, Energy",17,,,,,,,,,,,,Assist,,,,,,,Weapon and Assist,,,,,,,Weapon and Assist,,,,,Assist,,,,,,,,,,,,,,,,,,,,
Konig Wolf,,Wolf,Large,13,250,22,28,290,18,500,200,Strike Claw:,Claw attack. Targets a single opponent.,190,"Melee, Slashing",15,,Head Gear:,Gain +20 to Hit. Lasts three turns. ,,,,,,20,,,Active,Electron Bite Fang:,Bite attack. Targets a single opponent. Melee,180,"Melee, Piercing",14,,,,,,,,,,,,Weapon and Assist,,,,,,,Weapon and Assist ,,,,,,,Weapon and Assist,,,,,Assist,,,,,,,,,,,,,,,,,,,,
Konig Wolf DSR,Konig Wolf,Wolf,Large,13,280,22,28,290,7,500,40,Strike Claw:,Claw attack. Targets a single opponent.,190,"Melee, Slashing",15,,Dual Sniper Rifle:,Back mounted foldable dual snipers. Targets a single opponent. ,300,"Ranged, Piercing",19,,,,,,,Head Gear:,Increases hit rate. Gain +20 to Hit. Lasts three turns,,,,,,20,,,Active,Electron Bite Fang:,Bite attack. Targets a single opponent.,180,"Melee, Piercing",14,Assist,,,,,,,Weapon and Assist ,5-Shot Missile Pod: ,120,Outside shoulder mounted missie pods. Targets an area 45m by 90m. Opponents in the area of effect must make a reaction save against the attack roll. Successful saves take no damage.  (Konig Wolf Only) ,19,"Ranged, Explosive",18,Weapon and Assist,,,,,Assist,,,,,,,,,,,,,,,,,,,,
Dark Horn ,Red Horn,"Dinosaur, Land",Large,13,300,28,35,130,10,400,55,3-Barrel Linear Cannon: ,Back mounted energy cannon. Targets a single opponent. ,220,"Ranged, Energy",16,,Missile Pod:,Back mounted missile pods. Targets a single opponent. Maximum range of 200m.,100,"Ranged, Homing, Explosive",18,,,,,,,Energy Gatling:,Back mounted energy gatling. Targets a horizontal area 45m wide by 135m long. Maximum range of 200m. Opponents in the area of effect must make a reaction save against the attack roll. Successful saves take no damage. ,90,"Ranged, Energy",16,,,,,,,Crusher Horn:,Horn attack. Targets a single opponent.,200,"Melee, Piercing",12,Assist,,,,,,,Weapon and Assist,,,,,,,Weapon and Assist,,,,,Assist,,,,,,,,,,,,,,,,,,,,
Fuzor Dragon,"Leoblaze, Unenlagia, Mosasledge, Nightwise.",BLOX,Large,13,300,20,30,1800,8,300,40,Handgun:,Hand mounted guns. Targets up to two Zoids. Shoots two bursts of 6D10 piercing,120,"Ranged, Anti-Air, Piercing",19,,Tail Saw:,Tail blade attack. Targets a single opponent.,210,"Melee, Anti-Air, Slashing",16,,,,,,,Energy Shield:,Curved energy shield. Blocks 200 damage before dispersing. ,,,,200,,,,,Active,Dragon Tooth:,Bite attack. Targets a single opponent.,350,"Melee, Piercing",17,Assist,,,,,,,Weapon and Assist,,,,,,,Weapon and Assist,,,,,Assist,,,,,,,,,,,,,,,,,,,,
Chimera Dragon,"Demonshead, Diplogun, Shell Karn, Flyscissors.",BLOX,Large,13,320,22,30,1200,2,200,40,Rail Cannon:,Right shoulder mounted rail cannon. Targets a single opponent.,180,"Ranged, Anti-Air, Piercing",17,,Missile Launcher:,Forward facing missile launcher. Targets an area 90m by 90m. Opponents inside the area of effect must make a reaction save against the attack roll. successful rolls take no damage. ,70,"Ranged, Anti-Air, Homing, Explosive",18,,,,,,,Hells Gate:,Spear flips forward. Targets a single opponent.,360,"Melee, Anti-Air, Piercing",15,,,,,,,Hammer Knuckle:,Punch attack. Targets a single opponents.,190,"Melee, Bludgeon",19,Assist,,,,,,,Weapon and Assist,,,,,,,Weapon and Assist,,,,,Assist,,,,,,,,,,,,,,,,,,,,
Storm Sworder,,"Dinosaur, Flying",Large,13,220,21,20,3200,4,2000,30,Pulse Laser:,Chest mounted energy gun. Targets a single opponent.,75,"Ranged, Anti-Air, Energy",17,,Anchor Claw:,Claw attack targets a single opponent.,190,"Melee, Slashing",14,,,,,,,,,,,,,,,,,,,,,,,Assist,,,,,,,Weapon and Assist,,,,,,,Weapon and Assist,,,,,Assist,,,,,,,,,,,,,,,,,,,,
Iron Kong SS,Iron Kong,Gorilla,Large,14,300,23,50,160,13,1000,55,Beam Gatling:,Right shoulder mounted energy gatling gun. Targets up to two opponents. Max range of 150m. Shoots two bursts of energy. Damage is split between the bursts. ,90,"Ranged, Energy",16,,10-Shot Rocket:,Left shoulder mounted rocket pods. Targets an area 60m by 60m.  Opponents in the area of effect must make a reaction save against the attack roll. Successful saves take no damage. ,60,"Ranged, Explosive",16,,,,,,,Pulse Laser Gun:,Left forearm mounted laser gun. Targets a single opponent. If damage exceeds the reaming health of the target Zoid the remains energy damage will continue on. ,130,"Ranged, Penetrate, Energy",18,,,,,,,Hammer Knuckle:,Punch attack. Targets a single opponent.,220,"Melee, Bludgeon",15,Assist,,,,,,,Weapon and Assist ,,,,,,,Weapon and Assist,,,,,Assist,,,,,,,,,,,,,,,,,,,,
Dibison,,Mammal,Large,14,300,24,25,130,10,700,50,8-Missile Pod:,Forward mounted missile pods. Targets an area 90m by 90m.,85,"Ranged, Homing, Explosive",18,,3-Barrel Acceleration Shock Cannon:,Chest mounted triple barreled cannon. Targets a single opponent. ,140,"Ranged, Explosive",17,,,,,,,Megalo Max:,Back mounted energy cannons. Targets an area 90m by 90m. Opponents in the area must make a reaction save against the attack roll. Successful saves take no damage. ,230,"Ranged, Energy",15,,,,,,,Crusher Horn:,Horn attack. Targets a single opponent. ,180,Melee Piercing,12,Assist,,,,,,,Weapon and Assist,,,,,,,Weapon and Assist,,,,,Assist,,,,,,,,,,,,,,,,,,,,
Elephander,,Mammal,Large,14,350,25,50,130,10,800,70,Double Beam Gun:,Head mounted energy gun. Targets up to two opponents. Shoots two beams that each deal 5D8 energy,80,"Ranged, Energy",17,,Beam Gun:,Trunk mounted energy gun. Targets a single opponent. ,250,"Ranged, Energy",17,,,,,,,Pulse Laser Gun:,Back mounted energy gun. Targets a single opponents. If the damage exceeds there remaining health of the Zoid the beam pierces through and continues on dealing the reaming damage.,100,"Ranged, Piercing, Anti-Air, Energy",18,,,,,,,Crusher Tusk:,Tusk slash attack. Targets a single opponent.,230,"Melee, Slashing",14,Assist,,,,,,,Weapon and Assist,,,,,,,Weapon and Assist,,,,,Assist,,,,,,,,,,,,,,,,,,,,
Dark Spiner,,"Dinosaur, Land",Large,14,310,23,43,240,12,800,50,114mm Machine Gun: ,Back mounted machine gun. Targets up to two opponents. Shoots two bursts of 6D12 piercing. ,140,"Ranged, Piercing",19,,Double Cannon:,Back mounted cannons. Targets a single opponent.,130,"Ranged, Explosive ",16,,,,,,,Jamming Blade:,Back sail discharges electricity. Targets an area 90m by 90m.  Opponents in the area of effect must make a reaction save against the attack roll. Successful saves take no damage.,130,"Ranged, Electric",14,,,,,,,Electro-Magnetic Fang:,Bite attack. Targets a single opponent. Opponents damaged by this attack must make a percentile roll. If the roll is 49 or lower their Zoid is frozen. At the end of their turn they may roll again to unfreeze.,100,"Melee, Freeze, Piercing, Electric",12,Assist,,,,,,,Weapon and Assist,,,,,,,Weapon and Assist,,,,,Assist,,,,,,,,,,,,,,,,,,,,
Dark Horn HS,Dark Horn,"Dinosaur, Land",Large,14,320,28,35,130,10,400,50,3-Barrel Linear Cannon: ,Bottom back mounted energy cannon. Targets a single opponent. Maximum range of 200m. ,220,"Ranged, Energy",16,,Hybrid Vulcan:,Back mounted Gatling cannon. Targets a horizontal area 45m wide by 90m long.  Targets in the area of effect must make a reaction save against the attack roll. Successful saves make take no damage. ,100,"Ranged, Energy",16,,,,,,,Beam Cannon:,Large back mounted energy cannon. Targets a single opponent.,230,"Ranged, Energy",17,,,,,,,Crusher Horn:,Horn attack. Targets a single opponent.,200,"Melee, Piercing",12,Assist,,,,,,,Weapon and Assist,,,,,,,Weapon and Assist,,,,,Assist,,,,,,,,,,,,,,,,,,,,
Wardick,,Reptile,Medium,14,250,25,33,70,10,500,35,Medium Bore Beam Cannon:,Back mounted energy cannon. Targets a single opponent.,180,"Ranged, Energy",17,,Missile Launcher:,Back mounted missile pod. Targets an area 60m by 60m. Opponents in the area of effect must make a reaction save against the attack roll. Successful saves take no damage.,60,"Ranged, Explosive",18,,,,,,,Sound Wave Cannon:,Launch sound waves. Targets a single opponent. Opponents become disoriented and have disadvantage on attack rolls. Lasts for three turns.,150,"Ranged, Pilot, Sonic",15,,,,,,,Go for Broke:,Ramming attack. Targets a single opponent.,150,"Melee, Bludgeon",15,Assist,,,,,,,Weapon and Assist,,,,,,,Weapon and Assist,,,,,Assist,,,,,,,,,,,,,,,,,,,,
Stormsworder F,Storm Sworder,"Dinosaur, Flying",Large,14,220,20,18,3100,3,600,40,Vulcan Gun:,Neck mounted machine gun. Targets an area 90m by 90m. Opponents in the area of effect must make a reaction save against the attack roll. Successful saves take no damage.,65,"Ranged, Anti-Air, Piercing",17,,Iron Claws:,Claw attack. Targets a single opponent. ,150,"Melee, Anti-Air, Slashing",15,,,,,,,,,,,,,,,,,,,,,,,Assist,,,,,,,Weapon and Assist,,,,,,,Weapon and Assist,,,,,Assist,,,,,,,,,,,,,,,,,,,,
Liger Zero,,Lion,Large,15,260,23,28,307,15,350,40,Shock Cannon:,Chest mounted cannon. Targets a single opponent. ,160,"Ranged, Explosive",15,,Ion Boosters:,Back mounted boosters. Doubles speed for three turns,,,,,#REF!,,,,Active,Strike Laster Claw:,Energy claw attack. Targets a single opponent. ,240,"Melee, Slashing, Energy",15,,,,,,,,,,,,Assist,,,,,,,Weapon and Assist,,,,,,,Weapon and Assist,,,,,Assist,,,,,,,,,,,,,,,,,,,,
Zero Empire (CAU),Liger Zero,Lion,Large,15,260,22,28,307,15,400,40,Shock Cannon:,Chest mounted cannon. Targets a single opponent.,160,"Ranged, Explosive",15,,Ion Booster:,Back mounted boosters that increases your Zoids speed by 400 for three turns. ,,,,,400,,,,Active,Strike Laser Claw:,Energy claw attack. Targets a single opponent. ,210,"Melee, Slashing, Energy",15,,,,,,,,,,,,Assist,,,,,,,Weapon and Assist,,,,,,,Weapon and Assist,,,,,Assist,,,,,,,,,,,,,,,,,,,,
Zero X (CAU),Liger Zero,Lion,Large,15,280,24,30,317,15,300,30,Shock Cannon:,Chest mounted cannon. Targets a single opponent.,160,"Ranged, Explosive",15,,Stun Blade:,"Blades flip down and out to side. Targets a single opponent. On a hit, opponent must make a percentile roll. If the roll is 49 or lower the Zoid is frozen. May roll to unfreeze at en of their next turn. ",180,"Melee, Freeze, Slashing, Electrical",15,,,,,,,Electron Driver:,Blades on back point forward above the head towards the sky. Targets an area 90m by 90m. Opponents in the area of effect must make a reaction save against the attack roll. Successful saves take no damage. Opponents damaged by this attack must make a percentile roll. If the roll is 49 or lower their zoid is frozen. At the end of their turn they may roll again to unfreeze. ,150,"Ranged, Freezing, Electric",14,,,,,,,,,,,,Assist,,,,,,,Weapon and Assist,,,,,,,Weapon and Assist,,,,,Assist,,,,,,,,,,,,,,,,,,,,
Spark Liger ,Shield Liger,Lion,Large,15,240,23,23,250,13,250,40,Shock Gun:,Chest mounted cannon. Targets a single opponent.,140,"Ranged, Explosive",14,,"Laser Claw:
",Claw attack. Targets a single opponent.,180,"Melee, Slashing",15,,,,,,,Potential Difference Generator:,Head mounted lightning generator. Targets a single opponent. Opponents damaged by this attack must make a percentile roll. A roll of 49 or lower and their Zoid will be frozen. At the end of their turn they may roll to unfreeze.,25,"Ranged, Freezing, Electrical",14,,,,,,,Laser Saber:,Bite attack. Targets a single opponent.,190,"Melee, Piercing, Energy",13,Weapon and Assist,,,,,,,Weapon and Assist,,,,,,,Weapon and Assist,,,,,Assist,,,,,,,,,,,,,,,,,,,,
Iron Kong PK,Iron Kong,Gorilla,Large,15,330,25,60,170,12,1000,50,Beam Launcher:,Right shoulder mounted energy gun. Targets up to two opponents. Shoots two bursts of energy. Damage is split between the bursts. ,120,"Ranged, Energy",17,,10-shot Rocket:,Left shoulder mounted rocket pods. Targets an area 90m by 90m.,60,"Ranged, Explosive",13,,,,,,,Pulse Laser Gun:,Left forearm mounted laser gun. Targets up two two opponents.,130,"Ranged, Energy",18,,,,,,,Hammer Knuckle:,Punch attack. Targets a single opponent.,230,"Melee, Bludgeon",15,Assist,,,,,,,Weapon and Assist ,,,,,,,Weapon and Assist,,,,,Assist,,,,,,,,,,,,,,,,,,,,
Iron Drill,Iron Kong,Gorilla,Large,15,350,23,50,150,11,1200,55,Beam Bazooka:,Shoulder mounted energy cannon. Targets a single opponent.,260,"Ranged, Energy",17,,Iron Knuckle:,Punch attack. Targets a single opponent. ,220,"Melee, Bludgeon",,,,,,,,,,,,,,,,,,,,,,,,Assist,,,,,,,Weapon and Assist,,,,,,,Weapon and Assist,,,,,Assist,,,,,,,,,,,,,,,,,,,,
Geno Saurer,,T-Rex,Large,15,300,23,40,260,13,300,40,Laser Gun:,Top of head mounted energy gun. Targets a single opponent. ,130,"Ranged, Energy",19,,Charged Particle Cannon:,Mouth fired particle cannon. Fires in straight line 30m wide. Opponents in the line of fire must make a reaction save against the attack roll successful saves take no damage.,200,"Ranged, Particle",18,,,,,,,Long Range Laser:,Back mounted energy gun. Targets a single opponent. If damage exceeds the remaining health of the Zoid the attack continues through with the remaining damage.,75,"Ranged, Piercing, Energy",18,,,,,,,Hyper Killer Claw:,Claw attack. Targets a single opponent.,200,"Melee, Slashing",13,Assist,,,,,,,Weapon and Assist,,,,,,,Weapon and Assist,,,,,Assist,,,,,,,,,,,,,,,,,,,,
Psycho Geno Saurer,Geno Saurer,T-Rex,Large,15,320,23,40,260,13,300,40,Vulcan: ,Head mounted gun. Targets a single opponent. ,80,"Ranged, Piercing",17,,Charged Particle Cannon:,Mouth fired particle cannon. Straight line 30m wide. Opponents in the line of fire must make a reaction save against the attack roll successful saves take no damage. ,200,"Ranged, Particle",18,,,,,,,Long Range Laser:,Back mounted energy cannon. Targets a single opponent. If damage exceeds the remaining health of the opponent the attack pierces through and continues on with remaining damage.,75,"Ranged, Piercing, Energy",18,,,,,,,Hyper Killer Claw:,Claw attack. Targets a single opponent. Melee,200,"Melee, Slashing",13,Assist,,,,,,,Weapon and Assist,,,,,,,Weapon and Assist,,,,,Assist,,,,,,,,,,,,,,,,,,,,
Geno Breaker,Geno Saurer,T-Rex,Large,15,400,24,50,345,14,300,50,X Breaker:,Large forward facing pincers. Targets a single opponent.,250,"Melee, Piercing",12,,Focused Charged Particle Cannon:,Mouth fired particle cannon. Fires in a straight line 15m wide.,300,"Ranged, Particle",19,,,,,,,Laser Blade:,Head mounted energy blade attack. Targets a single opponent. ,250,"Melee, Slashing, Energy",14,,,,,,,Hyper Killer Claw:,Claw attack. Targets a single opponent. Melee,200,"Melee, Slashing",13,Assist,,,,,,,Weapon and Assist,,,,,,,Weapon and Assist,,,,,Assist,,,,,,,,,,,,,,,,,,,,
Zero Phoenix,"Liger Zero, Fire Phoenix",BLOX ,Large,15,452,24,25,340,20,300,35,Double Shock Gun:,Chest mounted cannon. Targets a single opponent. ,140,"Ranged, Explosive",14,,Shock Gun:,Back mounted cannon. Targets a single opponent. ,250,"Ranged, Explosive",15,,,,,,,Charge Missile:,Back mounted missile pod. Targets a single opponent. ,180,"Ranged, Explosive",11,,,,,,,Strike Laser Claw:,Energy claw attack. Targets a single opponent. ,240,"Melee, Slashing, Energy",16,Assist,,,,,,,Weapon and Assist,,,,,,,Weapon and Assist,,,,,Assist,,,,,,,,,,,,,,,,,,,,
Griffin,"Leoblaze, Unenlagia, Buster Eagle.",BLOX,Large,15,400,19,30,1500,4,400,40,Killer Beak:,Beak attack. Targets a single opponent.,230,"Melee, Anti-Air, Piercing",14,,AZ Missile:,Back mounted missile pods. Targets an area 90m by 90m. Opponents inside the area of effect must make a reaction save against the attack roll. successful rolls take no damage. ,130,"Ranged, Anti-Air, Explosive",18,,,,,,,Buster Claw:,Claw attack. Targets a single opponent.,320,"Melee, Anti-Ait, Slashing",13,,,,,,,,,,,,Assist,,,,,,,Weapon and Assist,,,,,,,Weapon and Assist,,,,,Assist,,,,,,,,,,,,,,,,,,,,
Bloodler,Redler,"Dinosaur, Flying",Medium,15,250,18,15,350,4,600,30,Dragon Claw:,Claw attack. Targets a single opponent.,180,"Melee, Piercing",15,,Guided Missile:,Chest mounted missile. Targets a single opponent.,90,"Ranged, Anti-Air, Homing, Explosive",18,,,,,,,Stealth System:,"Stealth generator. Self targeting stealth field. Turn ""invisible"". Lasts for 5 turns. Disadvatage on attack rolls against you. Advantage on stealth cheacks.",,,,,,,,,Passive,Laser Cutter:,Tail blade. Targets a single opponent.,250,"Melee, Bludgeon",14,Assist,,,,,,,Weapon and Assist,,,,,,,Weapon and Assist,,,,,Assist,,,,,,,,,,,,,,,,,,,,
Blade Liger AB,Blade Liger,Lion,Large,16,300,23,25,320,17,400,45,Shock Cannon:,Chest mounted cannon. Targets a single opponent.,160,"Ranged, Explosive",15,,Attack Booster Cannon:,Back mounted dual cannons. Targets a single opponent. ,230,"Ranged, Energy",19,,,,,,,Energy Shield:,Curved energy shield. Blocks 200 damage before dispersing. ,,,,200,,,,,Active,Laser Saber:,Bite attack. Targets a single opponent. ,230,"Melee, Piercing",15,Assist,,,,,,,Weapon and Assist,,,,,,,Weapon and Assist,,,,,Assist,,,,,,,,,,,,,,,,,,,,
Cerberus,Command Wolf,Wolf,Medium,16,200,23,20,190,13,1200,30,Double Beam Cannon:,Back mounted energy cannon. Targets a single opponent. ,220,"Ranged, Energy",18,,Beam Vulcan:,Shoulder mounted energy cannon. Targets a single opponent.,80,"Ranged, Energy",17,,,,,,,Smoke Unit:,Deploys smoke in a 60m square. While in the smoke the attacks against the Zoid have disadvantage. Lasts three turns,,,,,,,,,Active,Double Fang:,Bite attack. Targets a single opponent.,180,"Melee, Piercing",13,Assist,,,,,,,Weapon and Assist,,,,,,,Weapon and Assist,,,,,Assist,,,,,,,,,,,,,,,,,,,,
Gravity Bison,,Mammal,Large,16,320,25,33,120,11,800,50,Maneuver Missiles:,Forward facing missile pods. Targets up to two opponents. Two missiles each dealing 5D10 explosive ,100,"Ranged, Homing, Explosive",18,,3-Barrel Anti-Zoid Shock cannon:,Chest mounted cannons. Targets a single opponent. ,160,"Ranged, Explosive",14,,,,,,,20-barrel Assault Gun:,Back mounted cannons. Targets an area 90m by 90m. Opponents in the area of effect must make a reaction save against the attack roll. Successful saves take no damage.,180,"Ranged, Piercing",13,,,,,,,Drill Horn:,Horn attack. Targets a single opponent.,210,"Melee, Piercing",12,Assist,,,,,,,Weapon and Assist,,,,,,,Weapon and Assist,,,,,Assist,,,,,,,,,,,,,,,,,,,,
Elephander AG,Elephander,Mammal,Large,16,350,25,20,130,10,600,70,Double Bream Gun:,Head mounted energy gun. Targets up to two opponents. Shoots two beams that each deal 5D8 energy,80,"Ranged, Energy",17,,Hyper Laser Gun:,Trunk mounted energy gun. Targets a single opponent. If the damage exceeds the remaining health of the opponent it pierces through and continues on with the remaining damage.,150,"Ranged, Penetrate, Energy",19,,,,,,,Assault Gatling:,Back mounted energy gatling. Targets up to three opponents. Shoots three bursts of 5D10 energy. ,150,"Ranged, Anti-Air, Energy",12,,,,,,,Crusher Tusk:,Tusk slash attack. Targets a single opponent.,250,"Melee, Slashing",14,Assist,,,,,,,Weapon and Assist,,,,,,,Weapon and Assist,,,,,Assist,,,,,,,,,,,,,,,,,,,,
Proto Breaker,Geno Saurer,T-Rex,Large ,16,350,22,50,330,13,300,40,X Breaker: ,Side mounted blades rotate forward. Targets a single opponent.,230,"Melee, Slashing",12,,Charged Particle Cannon:,Mouth fired particle cannon. Fires in a straight line 30m wide. Opponents in the line of fire must make a reaction save against the attack roll. Successful saves take no damage.,200,"Ranged, Particle",18,,,,,,,Long Range Laser:,Back mounted energy gun. Targets a single opponent. ,75,"Ranged, Energy",18,,,,,,,Hyper Killer Claw:,Claw attack. Targets a single opponent. Melee,200,"Melee, Slashing",13,Assist,,,,,,,Assist,,,,,,,Assist,,,,,Assist,,,,,,,,,,,,,,,,,,,,
Zero Falcon,"Liger Zero, Jet Falcon",BLOX,Large,16,494,24,28,400,21,300,45,Double Shock Gun: ,Chest mounted cannon. Targets a single opponent. ,260,"Ranged, Explosive",16,,Strike Laser Claw: ,Back mounted energy claw attack. Targets a single opponent. ,340,"Melee, Slashing, Energy",15,,,,,,,Magna Wing:,Back mounted boosters. Increases speed by 300 for three turns. ,,,,,300,,,,,Smash Claw: ,Front claw attack. Targets a single opponent. ,260,"Melee, Slashing",16,Assist,,,,,,,Weapon and Assist,,,,,,,Weapon and Assist,,,,,Assist,,,,,,,,,,,,,,,,,,,,
Dragon Nest,,Reptile,Extra Large,16,800,28,35,120,10,1500,850,Assisting Fire:,Front mounted rocket pods. Targets a single opponent.,250,"Ranged, Homing, Explosive",13,,,,,,,,,,,,,,,,,,,,,,,,,,,,,,,,,,,,,,,,,,,,,,,,,,,,,,,,,,,,,,,,,,,,
Zero Schneider (CAU),Liger Zero,Lion,Large,17,290,24,28,310,16,200,30,Shock Cannon:,Chest mounted cannon. Targets a single opponent.,160,"Ranged, Explosive",15,,5-Blades:,Five blades flip forward from the back. Targets a single opponent. ,400,"Melee, Slashing",10,,,,,,,Energy Shield:,Curved domed energy shield. Blocks 200 damage before dispersing. Must recharge for two turns,,,,200,,,,,Active,Laser Blade:,Two blades flip down and out from the sides. Targets a single opponent.,270,"Melee, Slashing",14,Assist,,,,,,,Weapon and Assist,,,,,,,Weapon and Assist,,,,,Assist,,,,,,,,,,,,,,,,,,,,
Zero Jeager (CAU),Liger Zero,Lion,Large,17,260,24,28,330,18,400,30,Shock Cannon:,Chest mounted cannon. Targets a single opponent.,160,"Ranged, Explosive",15,,Vulcan Pod:,Head mounted guns. Targets a single opponent. ,95,"Ranged, Piercing",17,,,,,,,Ion Boosters:,Back mounted boosters. Increases speed by 500 for three turns. ,,,,,500,,,,Active,Strike Laser Claws:,Energy claw attack. Targets a single opponent.,240,"Melee, Slashing, Energy",15,Assist,,,,,,,Weapon and Assist,,,,,,,Weapon and Assist,,,,,Assist,,,,,,,,,,,,,,,,,,,,
Stormsworder FX,Storm Sworder ,"Dinosaur, Flying",Large,17,280,20,28,4000,20,650,30,Long Range Cannon:,Chest mounted cannon. Targets a single opponent.,230,"Ranged, Anti-Air, Piercing",17,,4-Beam Gun:,Chest mounted energy gun. Targets up to four opponents. Damage is split between targets. ,150,"Ranged, Anti-Air, Energy",17,,,,,,,Energy Shield:,Curved energy shield. Blocks 300 damage before dispersing. ,,,,300,,,,,Active,Iron Claw:,Wing claw attack. Targets a single opponent.,200,"Melee, Anti-Air, Slashing",19,Assist,,,,,,,Weapon and Assist,,,,,,,Weapon and Assist,,,,,Assist,,,,,,,,,,,,,,,,,,,,
Proto Zaber,Zaber Fang,Tiger,Large,18,260,22,25,250,14,300,30,Triple Impact Cannon:,Chest mounted cannon. Targets a single opponent. ,170,"Ranged, Explosive",17,,Linear Laser Gun:,Shoulder mounted laser beam gun. Targets a single opponent.,100,"Ranged, Energy",17,,,,,,,SR Vulcan:,Shoulder mounted machine gun. Targets up to two Zoids. Two bursts that deals 5D8 piercing. ,80,"Ranged, Piercing",17,,,,,,,Killer Saber:,Bite attack. Targets a single opponent.,180,"Melee, Piercing",17,Weapon and Assist,Double Beam Cannon: back mounted energy cannon. Targets a single opponent. Ranged (Proto Fang Only),,20D10,Energy,18,17,Weapon and Assist,,,,,,,Weapon and Assist,,,,,Assist,,,,,,,,,,,,,,,,,,,,
Geno Scissors,Geno Breaker,T-Rex,Large,18,380,23,50,320,13,350,35,X Breaker: ,Forward facing blades. Targets a single opponent. ,300,"Melee, Slashing",12,,Focused Charged Particle Cannon:,Mouth fired particle cannon. Fires in a 15m wide beam. Opponents in the line of fire must make a reaction save against the attack roll. Successful saves take no damage.,300,"Ranged, Particle",19,,,,,,,Assault Beam Cannon:,Back mounted energy cannon. Targets a single opponent.,150,"Ranged, Energy",17,,,,,,,Hyper Killer Claw:,Claw attack. Targets a single opponent. Melee,200,"Melee, Slashing",13,Assist,,,,,,,Weapon and Assist,,,,,,,Weapon and Assist,,,,,Assist,,,,,,,,,,,,,,,,,,,,
Geno Trooper,Geno Breaker,T-Rex,Large,18,370,22,45,2100,4,450,30,Vulcan: ,Head mounted gun. Targets a single opponent. ,80,"Ranged, Anti-Air, Piercing",17,,Focused Charged Particle Cannon:,Mouth fired particle cannon. Fires in a straight line 15m wide. Opponents in the line of fire must make a reaction save against the attack roll. Successful saves take no damage.,300,"Ranged, Particle",19,,,,,,,4-Laser:,Back mounted laser cannons. Targets up to two opponents. Fires two beams of 6D10 energy ,120,"Ranged, Energy",19,,,,,,,Hyper Killer Claw:,Claw attack. Targets a single opponent. Melee,200,"Melee, Anti-Air, Slashing",13,Assist,,,,,,,Weapon and Assist,,,,,,,Weapon and Assist,,,,,Assist,,,,,,,,,,,,,,,,,,,,
Gojulas,,T-Rex,Large Large,18,350,25,35,75,10,200,60,Crusher Claw: ,Claw attack. Targets a single opponent.,150,"Melee, Piercing",14,,Beam Gun:,Left arm mounted energy gun. Targets a single opponent. ,100,"Ranged, Energy",17,,,,,,,Hyper Fang:,Bite attack. Targets a single opponent.,200,"Melee, Piercing",13,,,,,,,,,,,,Assist,,,,,,,Weapon and Assist,,,,,,,Weapon and Assist,,,,,Assist,,,,,,,,,,,,,,,,,,,,
Whale King,,Reptile,Extra Large,18,1000,28,35,827,2,2000,950,Assisting Fire:,Front mounted rocket pods. Targets a single opponent.,350,"Ranged, Homing, Explosive",15,,,,,,,,,,,,,,,,,,,,,,,,,,,,,,,,,,,,,,,,,,,,,,,,,,,,,,,,,,,,,,,,,,,,
Gun Blaster,,"Dinosaur, Land",Large,19,400,28,60,120,6,500,30,Rolling Cannon: ,Fires all the front facing cannons. Targets a single opponent. If damage exceeds the remaining health of the Zoid the attack continues into any opponent in direct line,230,"Ranged, Penetrate, Piercing",18,,3d Radar:,Increases hit rate for self and ally's by 10. Lasts for three turns. ,,,,,,10,,,Active,Electromagnetic Shield Horn:,Curved energy shield. Blocks 300 damage before dispersing. ,,,,300,,,,,Active,Electromagnetic Bite Fang:,Bite attack. Targets a single opponent.,180,"Melee, Piercing",14,Assist,,,,,,,Weapon and Assist,,,,,,,Weapon and Assist,,,,,Assist,,,,,,,,,,,,,,,,,,,,
Zero Panzer (CAU),Liger Zero,Lion,Large,20,300,26,40,285,15,200,30,Grenade Launcher:,Chest mounted grenade launcher. Targets a single opponent.,200,"Ranged, Explosive",18,,Hybrid Cannons:,Back mounted cannons. Targets an area of 90m square. Targets in the area must make a reaction save against the attack roll. Successful saves take no damage. ,250,"Ranged, Piercing",18,,,,,,,Burning Big Bang:,All out barrage using all guns. Can only be used twice per battle. Targets an area 120m square. Targets in the area of effect must make a reaction save against your attack roll. Successful saves take no damage. ,300,"Ranged, Homing, Explosive",16,,,,,,,Strike Laser Claw:,Energy claw attack. Targets a single opponent.,240,"Melee, Slashing, Energy",12,Assist,,,,,,,Weapon and Assist,,,,,,,Weapon and Assist,,,,,Assist,,,,,,,,,,,,,,,,,,,,
Trinity Liger,,Lion ,Large,20,300,23,28,315,15,500,30,Beam Gun:,Head mounted gun. Targets a single opponent.,200,"Ranged, Energy",17,,Multi Radar:,"Increases hit
rate by 20 for
three turns.",,,,,,20,,,,Turbine:,"Increase reaction for self. 10 to reaction
for three turns. ",,,,,,,10,,Active,Armor Claw:,Claw attack. Targets a single opponent.,230,"Melee, Slashing",14,Assist,,,,,,,Weapon and Assist,,,,,,,Weapon and Assist,,,,,Assist,,,,,,,,,,,,,,,,,,,,
Berserk Fury,,T-Rex,Large,20,380,24,50,340,14,450,45,Buster Claw:,Claw attack. Targets a single opponent.,280,"Melee, Slashing",12,,Diffuse Particle Cannon:,Mouth fired particle cannon. Fires in a straight line 30m wide. Opponents in the line of fire must make a reaction save against the attack roll. Successful saves take no damage. ,250,"Ranged, Anti-Air, Particle",17,,,,,,,Energy Shield:,Curved energy shield. Blocks 400 damage before dispersing. ,,,,400,,,,,Active,Strike Laser Claw:,Energy claw attack. Targets a single opponent. Melee,230,"Melee, Slashing, Energy",15,Assist,,,,,,,Weapon and Assist,,,,,,,Weapon and Assist,,,,,Assist,,,,,,,,,,,,,,,,,,,,
Strum Fury (CAU),Berserk Fury,T-Rex,Large,20,420,25,65,360,15,360,40,X Breaker: ,Slashing attack. Targets a single opponent. ,360,"Melee, Slashing",12,,Diffuse Particle Cannon:,Mouth fired energy cannon. Fires in a line 30m wide. Opponents in the line of fire must make a reaction save against the attack roll. Successful saves take no damage.,250,"Ranged, Anti-Air, Particle",17,,,,,,,Strike Laser Claw:,Energy claw attack. Targets a single opponent.,250,"Melee, Slashing, Energy",15,,,,,,,,,,,,Assist,,,,,,,Weapon and Assist,,,,,,,Weapon and Assist,,,,,Assist,,,,,,,,,,,,,,,,,,,,
Jagd Fury (CAU),Berserk Fury,T-Rex,Large,20,420,26,65,290,13,450,40,Long Range Cannon: ,Back mounted cannon. ,350,"Ranged, Anti-Air, Explosive",12,,Diffuse Particle Cannon:,Mouth fired energy damage. Fires in a straight line 30m wide.,250,"Ranged, Anti-Air, Particle",17,,,,,,,Missile Pod:,Back mounted missile pod. Targets an area 90m by 90m.,170,"Ranged, Homing, Explosive",18,,,,,,,Strike Laser Claw:,Energy claw attack. Targets a single opponent. Melee,210,"Melee, Slashing, Energy",15,Assist,,,,,,,Weapon and Assist,,,,,,,Weapon and Assist,,,,,Assist,,,,,,,,,,,,,,,,,,,,
Berserk Fury Z (CAU),Berserk Fury,T-Rex,Large,20,530,25,75,600,16,500,50,12-Shot Missile Pod: ,Back mounted missile pod. Targets up to four Zoids. Shoots four clusters of missiles dealing 6D10 explosive,240,"Ranged, Explosive",18,,Diffuse Particle Cannon:,Mouth fired particle cannon. Fires in a straight line 30m wide. Opponents in the line of fire must make a reaction save against the attack roll. Successful saves take no damage.,250,"Ranged, Anti-Air, Particle",17,,,,,,,Strike Laser Claw:,Energy claw attack. Targets a single opponent.,350,"Melee, Slashing, Energy",15,,,,,,,,,,,,Assist,,,,,,,Weapon and Assist,,,,,,,Weapon and Assist,,,,,Assist,,,,,,,,,,,,,,,,,,,,
Gojulas the Ogre,Gojulas,T-Rex,Large Large,20,500,27,60,125,9,350,60,Crusher Claw: ,Claw attack. Targets a single opponent.,180,"Melee, Piercing",14,,4-Barrel Shock Cannon:,Arm mounted cannons. Targets a single opponent.,180,"Ranged, Explosive",17,,,,,,,Buster cannon:,Back mounted cannons. Targets a single opponent. Minimum range of 75m.,350,"Ranged, Explosive",12,,,,,,,Hyper Fang:,Bite attack. Targets a single opponent.,200,"Melee, Piercing",13,Assist,,,,,,,Weapon and Assist,,,,,,,Weapon and Assist,,,,,Assist,,,,,,,,,,,,,,,,,,,,
Gojulas Gunner,Gojulas,T-Rex,Large Large,20,350,25,38,60,9,300,55,Crusher Claw:,Claw attack. Targets a single opponent.,180,"Melee, Piercing",14,,4-Barrel Shock Cannon:,Arm mounted cannons. Targets a single opponent.,180,"Ranged, Explosive",14,,,,,,,Long Range Cannon:,Back mounted cannons. Targets a single opponent. Minimum range 75m.,300,"Ranged, Explosive",16,,,,,,,Hyper Fang:,Bite attack. Targets a single opponent.,200,"Melee, Piercing",13,Assist,,,,,,,Weapon and Assist,,,,,,,Weapon and Assist,,,,,Assist,,,,,,,,,,,,,,,,,,,,
Pteramander,,"Dinosaur, Flying",Large Large,20,450,21,33,2000,20,1000,50,Double Anti-Air Laser:,Wing tip mounted energy guns. Can target up to two Zoids. Shoots two bursts of 10D10 energy,200,"Ranged, Anti-Air, Energy",19,,Multi Vulcan:,Chest mounted gun. Shoots in a horizontal line 45m deep by 135m wide. Opponents in the area of effect must make a reaction save against the attack roll. Successful rolls take no damage. ,160,"Ranged, Piercing",17,,,,,,,Flame Thrower:,"Breath fire out of the mouth. 100m long reach, 45m wide at end. For every 10 damage deals -1 to the opponents defense.",220,"Ranged, Defense, Fire",12,,,,,,,,,,,,Assist,,,,,,,Weapon and Assist,,,,,,,Weapon and Assist,,,,,Assist,,,,,,,,,,,,,,,,,,,,
Killer Spiner,Dark Spiner,"Dinosaur, Land",Large,21,380,23,75,260,13,300,60,Laser Cannon: ,Fired from crab. Targets a single opponent.,260,"Ranged, Energy",18,,Pulse Laser Cannon:,Close range energy cannon fired from crab. Max range of 75m. Targets a single opponent.,130,"Ranged, Energy",17,,,,,,,3D Energy Radar:,Increase hit rate for self and ally's. Gain +10 to Hit. Lasts for three turns. Gain +20 against flying Zoids. ,,Anti-Air,,,,10,,,Active,Giant Crab:,Crab claw attack. Targets a single opponent.,200,"Melee, Piercing",14,Assist,,,,,,,Weapon and Assist,,,,,,,Weapon and Assist,,,,,Assist,,,,,,,,,,,,,,,,,,,,
Trinity Liger BA,Trinity Liger,Lion,Large,22,350,23,28,295,16,500,25,Beam Gun:,Head mounted gun. Targets a single opponent.,280,"Ranged, Energy",17,,Fast Gatling:,"Back mounted twin gatling guns. Targets up to two opponents. Shoots two
bursts that split the damage between them. ",200,"Ranged, Piercing",17,,,,,,,"Micro Missile:
",Lower back missile pods. Targets an area 90m by 90m. Targets in the area of effect must make a reaction save against the attack roll. Successful saves take no damage.,180,"Ranged, Homing, Explosive",18,,,,,,,Dozer Claw:,Claw attack. Targets a single opponent.,250,"Melee, Slashing",15,Assist,,,,,,,Weapon and Assist,,,,,,,Weapon and Assist,,,,,Assist,,,,,,,,,,,,,,,,,,,,
Gojulas Giga,Gojulas,T-Rex,Large Large,22,500,26,75,180,12,400,60,Hyper Press Manipulator: ,Claw attack. Targets a single opponent.,280,"Melee, Piercing",15,,Crusher Tail:,Tail slash attack. Swing tail in 180° arc hitting any opponent in its path. 15m reach.,280,"Melee, Slashing",13,,,,,,,Hyper energy Shield:,Curved energy shield. Blocks 300 damage before dispersing. ,,,,300,,,,,Active,Crusher Fang:,Bite attack. Targets a single opponent.,320,"Melee, Piercing",13,Assist,,,,,,,Weapon and Assist,,,,,,,Weapon and Assist,,,,,Assist,,,,,,,,,,,,,,,,,,,,
Geno Flame,Geno Saurer,T-Rex,Large,24,450,26,60,260,13,300,45,EXPG Beam Cannon: ,Back mounted energy cannon. Targets a single opponent. ,360,"Ranged, Energy",18,,Diffused Charged Particle Cannon:,Mouth fired particle cannon. Fires in a line 45m wide. Opponents in the line of fire must make a reaction save against the attack roll. Successful saves take no damage.,250,"Ranged, Particle",17,,,,,,,Hyper Energy Shield:,Curved energy shield.  Blocks 400 damage before dispersing. ,,,,400,,,,,Active,Flame Claw:,Claw attack. Targets a single opponent. Melee,230,"Melee, Slashing",15,Assist,,,,,,,Weapon and Assist,,,,,,,Weapon and Assist,,,,,Assist,,,,,,,,,,,,,,,,,,,,
Geno Hydra,,T-Rex,Large,24,370,24,43,340,14,400,35,Gatling Head:,Left mounted gatling gun. Targets an area 30m by 90m. ,90,"Ranged, Energy",16,,Saucer Head:,Right arm mounted blade. Targets a single opponent.,250,"Melee, Slashing",13,,,,,,,Diffused Charged Particle Cannon:,Mouth fired energy cannon. Fires in a straight line 45m wide. Opponents in the line of fire must make a reaction saving throw against the attack roll. Successful saves take no damage. ,250,"Ranged, Anti-Air, Energy",17,,,,,,,Claw Head:,Blade head attack. Targets a single opponent.,150,"Melee, Slashing",15,Weapon and Assist,,,,,,,Weapon and Assist,,,,,,,Weapon and Assist,,,,,Assist,,,,,,,,,,,,,,,,,,,,
Gojulas Giga Cannon,Gojulas Giga,T-Rex,Large Large,24,700,26,75,74,12,400,50,Hyper Press Manipulator: ,Claw attack. Targets a single opponent.,300,"Melee, Piercing",15,,Crusher Tail:,Tail slash attack. Swing tail in 180° arc hitting any opponent in its path. 15m reach. ,280,"Melee, Slashing",13,,,,,,,Buster Cannon:,Back mounted cannon. Targets a single opponent. Minimum range 75m.,380,"Ranged, Anti-Air, Explosive",15,,,,,,,Crusher Fang:,Bite attack. Targets a single opponent.,320,"Melee, Piercing",13,Assist,,,,,,,Weapon and Assist,,,,,,,Weapon and Assist,,,,,Assist,,,,,,,,,,,,,,,,,,,,
Gojulox,"Diploguns, Demonshead, Nightwise, Shellkarn, Unenlagia, Leoblaze.",BLOX,Large,24,450,24,90,130,10,500,60,Magnezer Fang:,Bite attack. Targets a single opponent.,150,"Melee, Piercing",16,,Rail Cannon: ,Both shoulder mounted rail cannons. Targets a single opponent. If the damage exceeds the health of the target it continues on. ,240,"Ranged, Piercing, Puncture",17,,,,,,,Handgun:,Hand mounted guns. Targets up to two Zoids. Damage is split between the targets. ,210,"Ranged, Anti-Air, Piercing,",19,,,,,,,Strike Laser Claw:,Energy claw attack. Targets a single opponent.,320,"Melee, Slashing, Energy",18,Assist,,,,,,,Weapon and Assist,,,,,,,Weapon and Assist,,,,,Assist,,,,,,,,,,,,,,,,,,,,
Diablo Tiger,,Tiger,Medium,25,350,23,75,240,18,300,20,Cyber Cannon:,Back mounted cannon. Targets a vertical area 30m wide by 60m long. Opponents in the area of effect must make a reaction save against the attack roll. Successful saves take no damage. ,180,"Ranged, Energy",18,,Cyber Claw:,Claw attack. Targets a single opponent. ,350,"Melee, Slashing",15,,,,,,,Optical Camouflage:,"Stealth generator. Self targeting stealth field. Turn ""invisible"". Lasts for 5 turns. Disadvatage on attack rolls against you. Advantage on stealth cheacks.",0,,,,,,,,Active,Cyber Fang:,Bite attack. Targets a single opponent.,400,"Melee, Piercing",13,Assist,,,,,,,Weapon and Assist,,,,,,,Weapon and Assist,,,,,Assist,Auto Repair Unit: self repair function. ,,,50 healing. must recharg for two turns before next use,15,,Active,,,,,,,,,,,,,
Cyclops,,Mammal,Medium,25,400,28,65,180,13,100,60,Iron Cannon:,Back mounted cannon. Targets a single opponent. ,300,"Ranged, Explosive",10,,Smoke Sprayer: ,Deploys smoke in a 60m square around the Zoid. While the Zoid is in the smoke attack rolls against it have disadvantage. Lasts for three turns.,,,,,,,,,Active,Long Spear:,Horn attack. Targets a single opponent. ,500,"Melee, Piercing",10,,,,,,,,,,,,Assist,,,,,,,Weapon and Assist,,,,,,,Weapon and Assist,,,,,Assist,,,,,,,,,,,,,,,,,,,,
Cyclops 2,,Mammal,Medium,25,380,29,65,180,13,100,60,Iron Cannon:,Back mounted cannon. Targets a single opponent.,300,"Ranged, Explosive",10,,Smoke Sprayer: ,Deploys smoke in a 60m square around the Zoid. While the Zoid is in the smoke attacks against it have disadvantage. Lasts for three turns,,,,,,,,,Active,Split Horn:,Horn attack. Targets a single opponent.,350,"Melee, Bludgeon",12,,,,,,,,,,,,Assist,,,,,,,Weapon and Assist,,,,,,,Weapon and Assist,,,,,Assist,,,,,,,,,,,,,,,,,,,,
Mad Thunder,,"Dinosaur, Land",Extra Large,25,800,29,125,100,6,300,90,Beam Cannon: ,Back mounted cannon. Targets a single opponent. ,300,"Ranged, Energy",18,,Double Shock Cannon:,Back shoulder mounted cannon. Targets a single opponent. ,200,"Ranged, Explosive",12,,,,,,,Magnezer Drill:,Large spinning drill attack. Targets a single opponent.,450,"Melee, Piercing",13,,,,,,,Thunder Horn:,Horn attack. Targets a single opponent.,250,"Melee, Piercing",14,Assist,,,,,,,Weapon and Assist,,,,,,,Weapon and Assist,,,,,Assist,Anti-Particle Beam Shield ,,,Increases defense by 200. Halves particle damage.,30,200,Passive,,,,,,,,,,,,,
Geno Hydra KA,Geno Hydra,T-Rex,Large,26,430,25,60,350,15,400,30,Plasma Cannon: ,Back mounted energy cannon. Targets an area 60m by 60m. Opponents in the area of effect must make a reaction save against the attack roll. Successful saves take no damage. ,300,"Ranged, Energy",16,,Diffused Charged Particle Cannon:,Mouth fired particle cannon. Fires in a straight line 30m wide. Opponents in the line of fire must make a reaction saving throw against the attack roll. Successful saves take no damage.,250,"Ranged, Particle",17,,,,,,,Tail Claw:,Tail slashing attack. Targets a single opponent.,230,"Melee, Slashing",15,,,,,,,,,,,,Assist,,,,,,,Weapon and Assist,,,,,,,Weapon and Assist,,,,,Assist,,,,,,,,,,,,,,,,,,,,
Death Stinger,,Insect,Large Large,27,600,28,75,185,15,400,60,Shock Gun:,Back mounted cannons. Targets a single opponent.,220,"Ranged, Explosive",16,,Charged Particle Gun:,Tail tip particle gun. Shoots two beams 20m wide for a total of 40m. Opponents in the path must make a reaction save against the attack roll. Successful saves take no damage. ,200,"Ranged, Particle",18,,,,,,,Hyper Laser Gun:,Tail tip energy gun. Shoots a single piercing energy beam. If the damage exceeds the health remaining on the Zoid the energy beam pierces the Zoid and continues on until the remaining damage is expelled.,160,"Ranged, Energy",19,,,,,,,SB Scissors:,Claw attack. Targets a single opponent.,300,"Melee, Piercing",15,Assist,,,,,,,Assist,,,,,,,Assist,,,,,Assist,,,,,,,,,,,,,,,,,,,,
Ultra Saurus,,"Dinosaur, Land",Extra Lare,28,1300,28,100,50,4,400,200,8-Shot Missile Pod: ,Chest mounted missile pods. Targets an area 150m by 150m. ,200,"Ranged, Explosive",18,,Linear Cannon:,Shoulder mounted cannon. Targets up to two opponents. Shoots two rounds that split the damage. ,280,"Ranged, Explosive",12,,,,,,,Hyper Fang:,Bite attack. Targets a single opponent.,300,"Melee, Piercing",10,,,,,,,,,,,,Assist,,,,,,,Weapon and Assist,,,,,,,Weapon and Assist,,,,,Assist,,,,,,,,,,,,,,,,,,,,
Jagged Stinger,Death Stinger,Insect,Large Large,29,700,28,80,320,15,400,60,Shock Gun:,Back mounted cannon. Targets a single opponent.,220,"Ranged, Explosive",16,,Double Charged Particle Gun:,Tail tip particle gun. Shoots two beams 20m wide for a total of 40m. Opponents in the path of the beams must make a reaction against the attack roll. Successful saves take no damage.,350,"Ranged, Particle",18,,,,,,,Beam Gun:,Side mounted energy gun. Targets a single opponent. Ranged,240,"Ranged, Energy",19,,,,,,,Strike Laser Bite Scissors:,Energy claw attack. Targets a single opponent.,300,"Melee, Piercing, Energy",15,Assist,,,,,,,Assist,,,,,,,Assist,,,,,Assist,,,,,,,,,,,,,,,,,,,,
Ultra Phalanx,Ultra Saurus,"Dinosaur, Land",Extra Large,30,1500,28,100,40,4,400,180,8-Shot Missile Pod: ,Chest mounted missile pods. Targets an area 150m by 150m. Opponents in the area of effect must make a reaction save against the attack roll. Successful saves take no damage. ,200,"Ranged, Homing, Explosive",18,,3-Shot Mortar:,Back mounted mortar. Targets a horizontal area 60m by 120m. Minimum range of 200m. Opponents in the area of effect must make a reaction save against the attack roll. Successful saves take no damage. ,40D10 explosive ,"Ranged, Explosive",12,,,,,,,Chest Mortar:,Chest mounted mortar. Targets up to two opponents.  Shoots two mortar rounds dealing 9D10 explosive. ,18D10 explosive,"Ranged, Explosive",15,,,,,,,Hyper Bite Fang:,Bite attack. Targets a single opponent.,30D10 piercing,"Melee, Piercing",10,Assist,,,,,,,Weapon and Assist,,,,,,,Weapon and Assist,,,,,Assist,,,,,,,,,,,,,,,,,,,,
Death Saurer ,,T-Rex,Extra Large,30,1000,29,100,90,8,500,70,Large Particle Cannon: ,Mouth fired particle cannon. Fires in a straight line 30m wide. Opponents in the line of attack must make a reaction save against the attack roll. Successful rolls take no damage.  ,400,"Ranged, Anti-Air, Particle",17,,Beam Gun:,Head mounted energy gun. Targets a single opponent. ,320,"Ranged, Energy",18,,,,,,,Smash Tail:,Tail attack. 180° arc tail attack. Reach of 30m.,230,"Melee, Bludgeon",13,,,,,,,Bite Fang:,Bite attack. Targets a single opponent.,230,"Melee, Piercing",13,Assist,,,,,,,Weapon and Assist,,,,,,,Weapon and Assist,,,,,Assist,,,,,,,,,,,,,,,,,,,,
Bloody Demon ,,T-Rex,Extra Large,30,500,17,40,90,7,300,50,Large Particle Cannon: ,Mouth fired energy cannon. Particle beam is 45m wide. Opponents in the line of attack must make a reaction save against the attack roll. Successful rolls take no damage.  ,240,"Ranged, Anti-Air, Particle",13,,Large Gatling Gun:,Back mounted gatling gun. Targets up to two opponents. Shoots two bursts that split the damage. ,100,"Ranged, Piercing",17,,,,,,,Smash Tail:,Tail attack. Targets a single opponent.,80,"Melee, Bludgeon ",13,,,,,,,Bite Fang:,Bite attack. Targets a single opponent.,250,"Melee, Piercing",13,Assist,,,,,,,Weapon and Assist,,,,,,,Weapon and Assist,,,,,Assist,,,,,,,,,,,,,,,,,,,,
Gilvader,,"Dinosaur, Flying",Extra Large,33,1200,25,90,4000,3,1000,60,Plasma Particle Cannon: ,Chest mounted particle cannon. Shoots in a straight line 15m wide. ,200,"Ranged, Anti-Air, Particle",17,,Beam Smasher:,Back mounted energy cannon. Targets a single opponent. ,350,"Ranged, Anti-Air, Energy",15,,,,,,,Gravity Gun:,Back mounted gravity manipulator. 75m centered on self. ,500,"Ranged, Anti-Air, Force",14,,,,,,,Rear Cutting Wing:,Tail attack. Targets a single opponent.,230,"Melee, Anti-Air, Slashing",14,Assist,,,,,,,Weapon and Assist,,,,,,,Weapon and Assist,,,,,Assist,,,,,,,,,,,,,,,,,,,,
Death Meteor,,T-Rex,Large Large,33,1500,29,35,90,8,500,70,Large Beam Cannon: ,Mouth fired particle cannon. Shoots in a straight line 30m wide. Opponents in the line of attack must make a reaction save against the attack roll. Successful rolls take no damage.  ,480,"Ranged, Energy",17,,Death Claw:,Swiping claws attack.,320,"Melee, Slashing",14,,,,,,,Smash Tail:,Swiping tail attack. 180° arc around your Zoid.,300,"Melee, Bludgeon",13,,,,,,,Killer Bite Fang:,Bite attack. Targets a single opponent.,500,"Melee, Piercing",13,Assist,,,,,,,Weapon and Assist,,,,,,,Weapon and Assist,,,,,Assist,,,,,,,,,,,,,,,,,,,,
King Gojulas,Gojulas,T-Rex,Extra Large,40,2000,28,150,140,4,800,150,Super Gatling: ,Chest mounted gatling gun. Targets an area 75m by 225m. Opponents in the area of effect must make a reaction save agains the attack roll. Successful saves take no damage. ,350,"Ranged, Piercing",16,,Big Claw:,Swiping claw attack. Hits in a 30m line.,360,"Melee, Piercing",14,,,,,,,Crusher Tail:,Tail slash attack. Swings tail in 180° arc hitting any opponent in its path. Reach of 30m.,300,"Melee, Slashing",13,,,,,,,Blade Horn:,Head mounted horn attack. Targets a single opponent. Melee,620,"Melee, Piercing",12,Assist,,,,,,,Weapon and Assist,,,,,,,Weapon and Assist,,,,,Assist,,,,,,,,,,,,,,,,,,,,
Blitz Tiger,,Tiger,Large,,400,23,75,320,14,500,30,Thunder Claw:,Claw electric attack. Targets a single opponent. On a hit must make a percentile roll. If the roll is 49 or lower their zoid is frozen. At the end of their turn they may roll again to unfreeze.,180,"Melee, Freeze, Slashing",15,,Lightning Attack:,Head and shoulder mounted blades shift forward. Targets a single opponent. On a hit must make a percentile roll. If the roll is 49 or lower their zoid is frozen. At the end of their turn they may roll again to unfreeze.,360,"Melee, Slashing, Freeze, Lighting",16,,,,,,,Volt Cannon:,Back mounted electric cannon. Targets an area of 45m by 135m. Must make a reaction save against the attack roll. On a successful save you take no damage. On a hit must make a percentile roll. If the roll is 49 or lower their zoid is frozen. At the end of their turn they may roll again to unfreeze.,120,"Ranged, Freeze, Lighting",12,,,,,,,Crusher Saber:,Bite attack. Targets a single opponent.,250,"Melee, Piercing",14,Assist,,,,,,,Weapon and Assist,,,,,,,Weapon and Assist,,,,,Assist,,,,,,,,,,,,,,,,,,,,